event_id,thread_id,date,date_precision,state,locality,gov_level,actor,policy_type,status,mw_threshold,justification,resource_issue,docket_number,summary,source_url,source_name,secondary_url,verified,last_updated,year,month,state_name
DRAFT-2026-09-29-nc-0a8be31b,DRAFT-2026-09-29-nc-0a8be31b,2026-09-29,day,NC,Guilford County,county,Guilford County Board of Commissioners,moratorium,proposed,,land_use,none,,Guilford County Board of Commissioners to consider moratorium on data centers - WXII,,,https://news.google.com/rss/articles/CBMiuAFBVV95cUxQRDNQV3QzR0VyMEZGVFlUQ2hhel81ZkZodnNsYnVGMUhOMFBVTWMzZ3BSQjBSTGFEa0lhWnNjcGo0RTBNNlR1Q1p0bUpaVzc3Z2VoSDZ6d1JVUWhrV1FUam5CaFRHWmpFOVVFUnAzMkw5Wkp1Y2JrVU5LaW9fQVRjdlluQ19FMHNaT0N2WTU1N1EzeWVtZGJkTHRQY0VkempyOHFsX1YzWUVjYURwYVNJc0JFd2h2NHNp?oc=5,no,2026-09-29,2026,2026-09,North Carolina
DRAFT-2026-09-29-wi-f67f6a14,DRAFT-2026-09-29-wi-f67f6a14,2026-09-29,day,WI,De Pere,municipal,De Pere Common Council committee,moratorium,proposed,,water_use,water,,De Pere committee endorses data center moratorium on water burden - greenbaypressgazette.com,,,https://news.google.com/rss/articles/CBMi2wFBVV95cUxOYTRpb1hkM1Vfa3ZidzdJa1l4bWRBMnZoUS13R3BlZDEydzNmOUJFaDNuYTl4dlZXLW9lZU14UzR3YVFZc3dGaTdTQ0JvYlZTZDRrTjRQaUFsYXFpVXJ3UHhtdUFBWUtGUmVDSDh2bnJWUnh3eUJ0alNxLUJfSUladUJoRmM4RTl4aFFIWm1QcHczT1kzQnVLZUZyMmxmd1dDazdQdWhjYmZuRVdFQnd2Tko3ZVI0aUotejFacFBXSVppLVdQZ09RbjFNQ05EUlJ5SmRiZFJpSmlCbXM?oc=5,no,2026-09-29,2026,2026-09,Wisconsin
DRAFT-2026-09-29-pa-b3eb6656,DRAFT-2026-09-29-pa-b3eb6656,2026-09-29,day,PA,East Buffalo Township,municipal,East Buffalo Township Board of Supervisors,zoning,proposed,,land_use,none,,East Buffalo Township to vote on data center ordinance Oct. 12 - dailyitem.com,,,https://news.google.com/rss/articles/CBMi2gFBVV95cUxQZkZ2bWQ3RkdJdjRnZWpSRmxWeU13WlNLZnJLYTRmUHpTR0E3el9TLWttV1NaeXFfNDlTdTFXRGpuLUpHMmVYbXJxcnZwd0lJUmNwOHFxUHJ3VVRVNmRENUpUbkJ4OWExUzU4X3FTNEJ3UlJfcTRBNFlGMHpfQW4za2NzYUFYaVZ6UkpDZks1c3dIaTE3VWNhbWhyUkYwMjR4WGNQbjFzdFQxMjhlZXpXWjVReldKY1UwQUlBQjlaWWVGRHY1Vl9nMEtsWFN2U0xlRzhiNnhiaGNEZw?oc=5,no,2026-09-29,2026,2026-09,Pennsylvania
DRAFT-2026-09-29-ky-5bfe6eac,DRAFT-2026-09-29-ky-5bfe6eac,2026-09-29,day,KY,Mercer County,county,Mercer County Fiscal Court,zoning,rejected,,local_control,none,,Mercer County fiscal court rejects data center zoning ordinance after months of community pushback - LEX 18 News,,,https://news.google.com/rss/articles/CBMi2wFBVV95cUxNTjdmWjVyVXlSNTRtVkliSEswVEtPXzJVYW1lSFN1UkN5UDBUWEUtb3pONERMN0ZjbGNucVJheXktdjlpMkJfQ2pWUjZFVzdpYnJDVURvMjZVRkU0MzlhMUF5aEJHT1AtZkFyVjZ0Yk1VVV96VjdDS1BudmF0VEdrb2hodXo4ODI5VVR1ZXRDRHdfejZSTThpZ0tHS0ZBTThab05JaVJMUkxWblpoWlVKenZyaks4QzUwdHM4NWg5ODhuclhxZmt3NzY2blcwV2Q2UEZSYTlSRUs4RFU?oc=5,no,2026-09-29,2026,2026-09,Kentucky
DRAFT-2026-09-28-nm-d562ce7c,DRAFT-2026-09-28-nm-d562ce7c,2026-09-28,day,NM,Raton,municipal,Raton City Commission,moratorium,rejected,,local_control,none,,"City commissioners in Raton, N.M. reject moratorium on data centers despite petition - Colorado Public Radio",,,https://news.google.com/rss/articles/CBMie0FVX3lxTE55Rnkzc3d5el9xZ05Ja0pwbU1WTHJhQ1I5WnhXUnhaYTBFb3pwS1hzWG9uUGpUN3ZXNXNGSGREcWpwZ2FDdlBhc3g4TEppdGQ1Z1BwbWZUTkNhUUNsOGFtYWMzdGkwY1RpVW93MFZIbm1QLTRVOGV4VUJPTQ?oc=5,no,2026-09-29,2026,2026-09,New Mexico
DRAFT-2026-09-28-co-52ae6298,DRAFT-2026-09-28-co-52ae6298,2026-09-28,day,CO,Statewide,utility,Xcel Energy Colorado,large_load_rules,proposed,,ratepayer_cost,power,,Xcel Energy submits proposal to place large load tariffs on data centers in Colorado - dailyenergyinsider.com,,,https://news.google.com/rss/articles/CBMixgFBVV95cUxPbUxXaWNEM1p2VGJ2dnR4SVFvMk5oNXNqOVBMakpuUWljcjVSdy1fNDNVcmxfMUtrMlRMV1l5QmhHTEt1Vm13LTk1c1NZZ0ZlMDR4YmJ0WUNLSVdqdTVySkVDeG44bV9fYXdWSTQ3U19qNk5oeElwOXJQVDhjTjNObXFiNm9rMTdqdkZNOHpXUUJEVWpqZDROaUFpaXdlX0xlemRJcGdUMEtTdzZ0ZjZaTmktU2ViR1JTMUoyRkFjRmVqY2piX2c?oc=5,no,2026-09-29,2026,2026-09,Colorado
2026-09-28-va-loudoun-setbacks,va-loudoun-setbacks,2026-09-28,day,VA,Loudoun County,county,Loudoun County Board of Supervisors,zoning,proposed,,noise;land_use,none,,PLACEHOLDER - unverified. Proposed setback and noise standards for data centers.,,,,no,2026-09-29,2026,2026-09,Virginia
DRAFT-2026-09-26-pa-396b342b,DRAFT-2026-09-26-pa-396b342b,2026-09-26,day,PA,West Hazleton,municipal,West Hazleton Borough Council,zoning,proposed,,land_use,none,,West Hazleton to vote on wide-ranging restrictions on data centers - standardspeaker.com,,,https://news.google.com/rss/articles/CBMirwFBVV95cUxNSmZMeG5USWVUbFhVRDQzbnl2bU5zdU1neGJsOUJWUTZKeEktM2ViTmtVMWl4OXZrNlgwZktNNUhUSVhFdXBkallFOTRnMzM2U3FpeWVxN2JkS2J1MHZyNmlLSVJ3eVpSbzdLNW55Vm4zUW9fYU1VbWZ3VGMyNE9CT2lRNEotc0YxdVQ4bWNsMDF5U2VwWkdBYjByT3RmdjFXQy1qcWJZX190d2FENXR3?oc=5,no,2026-09-29,2026,2026-09,Pennsylvania
DRAFT-2026-09-26-co-fd89cf3f,DRAFT-2026-09-26-co-fd89cf3f,2026-09-26,day,CO,Mesa County,county,Mesa County Board of Commissioners,moratorium,proposed,,land_use,none,,Mesa County to consider data center moratorium - gjsentinel.com,,,https://news.google.com/rss/articles/CBMi3gFBVV95cUxPZ01ZVUJRYi1KemFtWC1tQnhPbHVPTFBobVpNZVRyUjhRNG56M0MxZ1kwVU1ZYmY0YzVSQ0F4SG94UGdjLVlKWGpMQnR0M0JUWEFoVS02NWJfV3RvdmMxTzBBZXhPSUNEVGJjdmlXSGU2ck44emdmei1DWkt6ZzVLU09JSmxicWI5eGdpYXY4OHR4eERTWTJrbWtBRllBenI1b0FOR3g0WjVNS3RwOGFhbGlmVmJiWjdNcF9DcEg5dEREcXlTc19zOEp4OU1fQ01DWGtsZFRfX29IVnNtZGfSAeMBQVVfeXFMTm5hRFJWQ2pWQnlWc2lrY3ZTOHBfaDEzSVBUMkE5VjJCcW9xRHZmYUE5OGVpLVVUOVRNVGRQMFdvb29ra3JaX2J3dndnRndQRnlaN1F0QkhsOGpoY3FNdGtvYk9xQ0l4SkMxaGZfWGtkM2Q3eDZGcjhfeHdUZU5EMk9RamVWZzZodWgxallJR2RtcDlYNktrZlpHSDJhT0lXTmRoRWNDUFRlX2xUXzVqQTNaV2psNjFZTFlTUVJaeUlSaTY3TFJoSHhXNlRRZnRoSDZvUjU5YU44enllcjUzUHVwRUU?oc=5,no,2026-09-29,2026,2026-09,Colorado
DRAFT-2026-09-25-tx-c431a629,DRAFT-2026-09-25-tx-c431a629,2026-09-25,day,TX,Statewide,puc,Public Utility Commission of Texas,interconnection,adopted,,grid_reliability;ratepayer_cost,power,,PUCT sets financial commitments for data center interconnection as governor pauses permit approvals - White & Case LLP,,,https://news.google.com/rss/articles/CBMivwFBVV95cUxPeWtuemlJVHJpdUVBZEp3YWhHS2RMVVd5Uy1rYXBkTmZQQ0hFeC1BcXhvYXdLR2oxTkZJSGlNUDEwcno4Z29PYy13SmVpRmpNOVVISS1raDRWc1VlTUFNTzZRMmNveUVOS1RreWNFeUcwa3JoSXhQYTlvSTFXUXpUcEF6MEp3TTdFbXcyY3dCekZEdWNpU3FIdW01TTM5Ql94ZG5uT1RpM0NBODRsV2pLM2hwSlVvNEw0MUlreW43Zw?oc=5,no,2026-09-29,2026,2026-09,Texas
DRAFT-2026-09-25-mi-cdf3c6ae,DRAFT-2026-09-25-mi-cdf3c6ae,2026-09-25,day,MI,Saginaw,municipal,Saginaw City Council,zoning,proposed,,land_use,none,,Data centers face new rules in Saginaw as council prepares Monday vote - MLive.com,,,https://news.google.com/rss/articles/CBMixgFBVV95cUxQWHpNTk1RM1NzbHpqMzRNemY0MTV0OENST0JFVXc1R0VOa2FQQTdiRDRIWWZTMDdneXRVY25KZWp0c1YxUUxzUXlpMm41Y1pXZlRkNHd5UVVLalJfeHM1OHdGWTEtTlNBOGxSVUJVVFVKR3BqQmtEMDBoV2pYdEhEZm9wVF9KU3NWNi1SRThRRmZKM3drTVhQS0JwNFB1WXJEa1dINHdkZlZTOGFzdURaNzlxM0s5akZza3BkUWhJQ0JuUklYQ2c?oc=5,no,2026-09-29,2026,2026-09,Michigan
DRAFT-2026-09-25-fl-c1b84132,DRAFT-2026-09-25-fl-c1b84132,2026-09-25,day,FL,Manatee County,county,Manatee County Board of County Commissioners,moratorium,proposed,,land_use,none,,Manatee County commissioners move forward with moratorium on new data centers - bradenton.com,,,https://news.google.com/rss/articles/CBMifEFVX3lxTFB2WFZQajQydmtTUUxNeXVXSlZMcTZhUjhqZnFDbExHUVZHbUp2eEphU3Fpd3N0T0Y2T1RLdGY4UDdQamtpcC1JNDMxTHA3d1hVOWN4SDBaczBnQ2wzT3ljaU9CVDE5M0R3UVBzZmtmcDdIRUI3SGpiZzJqenbSAXxBVV95cUxQXzI0SEVHSTFpWklQQWJhcFMwU3o4QTl6a1JmbWY5OFNtcmtwOHpKbnlCMmhZNVlRcUJteEY1UHhXNlVqd2R4UmVXRTlTVng3ekJwQ0NTNUJBQVZpY0l3cmUtcm5QbFBsYmJTQmVhczh2eDVyd0xPaEV5LUdV?oc=5,no,2026-09-29,2026,2026-09,Florida
DRAFT-2026-09-24-mo-bf685aec,DRAFT-2026-09-24-mo-bf685aec,2026-09-24,day,MO,Ferguson,municipal,Ferguson City Council,tax_incentive,approved,,tax_base;jobs,none,,Ferguson approves $1.8 billion data center project - St. Louis American,,,https://news.google.com/rss/articles/CBMiiwFBVV95cUxNWUFuNGdoYWFXZ2pxWmR0LXAyVi1mRTNvbXZxRGllSXBPOEk5Y255X3pNdWJlOEw0WHRNQm8xN1NGejlvWWgzZC0xRzh4Uy13Z29SMk5MOS1ubUNGbzlKOXdwR01UdnNURnNhc3lLVUw4MFJXSHZYZGVMNUZNVWx1V2dOZ1piQkZtQTNB?oc=5,no,2026-09-29,2026,2026-09,Missouri
DRAFT-2026-09-24-fl-e745e1cf,DRAFT-2026-09-24-fl-e745e1cf,2026-09-24,day,FL,Palm Beach County,county,Palm Beach County Board of County Commissioners,moratorium,adopted,,land_use,none,,Palm Beach County commissioners approve moratorium on data centers - wpbf.com,,,https://news.google.com/rss/articles/CBMiiwFBVV95cUxPaU9zMS04dExRbmpSbWo0NnIwaWRuSVhZMVE2c3FQOG50d1oweFQxbkxmMzlMSjZDd1Y4UWk2d2JzOGgxNVlLSnE3OXZFTzBibXlRWUMyWnBBbEpVcG5YbE5oajdZcTllYjJ4REtDWHdXR0E1dVRKNXZIZlY4MzlmTmdqMDk4RlIyYUc0?oc=5,no,2026-09-29,2026,2026-09,Florida
DRAFT-2026-09-24-ca-d620a8c2,DRAFT-2026-09-24-ca-d620a8c2,2026-09-24,day,CA,Tulare County,county,Tulare County Board of Supervisors,moratorium,adopted,,local_control,none,,"Tulare County extends data center moratorium to 2027, formally opposes development - thebusinessjournal.com",,,https://news.google.com/rss/articles/CBMid0FVX3lxTE4wX2h4RVd5MFBwdm9zNk1Dell2Q245Z25qZWt3UU9mS0REenpHWGxQNzZGcmVyRVZwY0JmZ1Zpb0JNbldhTXdTVjNGYXdYbURLUEpsNVRXNUZRTjBTTkRnTDNqZXlrY3d5X2gwNVBtVmdkS1ZrbHRr?oc=5,no,2026-09-29,2026,2026-09,California
DRAFT-2026-09-24-id-4d74a433,DRAFT-2026-09-24-id-4d74a433,2026-09-24,day,ID,Pocatello,municipal,Pocatello City Council,permitting,rejected,,land_use,none,,Pocatello City Council votes to deny conditional use permit for AI data center applicant for a second time - localnews8.com,,,https://news.google.com/rss/articles/CBMi3wFBVV95cUxQRTdhSlpSMXZMMEZ1X1NuTnFmZGZXNmQyX0xBZXQ3SllWNHZrYTg4QUJlUHBna2Q4SGZaQWw0eEtDM3c3OURlblN0bVBRN0tCNEI0VlkyS1dNdUJVSnJuWklIR0VJekZ5Z0VjdHJJWEFsaUFMVnVIX3htLWszYmYxZjlxekpFNl81cy1sc21JcVV0YzJVUXBaSk84R2VmVXdQd2NEcEMtMUNESndESmFKQndlZm9LMFlkOGZrVmlHRTlXVFZWeGFGaE9fSWRZTEcwTTgxbkhsb2x5UlUzcFo0?oc=5,no,2026-09-29,2026,2026-09,Idaho
DRAFT-2026-09-23-az-392f6271,DRAFT-2026-09-23-az-392f6271,2026-09-23,day,AZ,Pima County,county,Pima County Board of Supervisors,moratorium,adopted,,local_control,none,,Pima County supervisors approve data center moratorium - AZ Luminaria,,,https://news.google.com/rss/articles/CBMilAFBVV95cUxPQXB5YlVTMTJpSjI3WlZIUHZKelBMeEU1cFIyQnpNWHVkWE1WUmcxVkw0dnB5aFdQX0JXOXRROXZQR09xblQ5aFVaX0JfOGNuVDliT0tVa1ZxelBJVmY5SVNJQWJCVHc3d1huMFh6U0U4Y0JQY1hvby0wRC14ZFBHS0RrOVlOaFc5M2doYkJOX0hjeGpk?oc=5,no,2026-09-29,2026,2026-09,Arizona
DRAFT-2026-09-23-sc-3fdd72bd,DRAFT-2026-09-23-sc-3fdd72bd,2026-09-23,day,SC,Spartanburg County,county,Spartanburg County Council,moratorium,adopted,,land_use,none,,Spartanburg County joins other South Carolina counties in data center moratoriums - WYFF,,,https://news.google.com/rss/articles/CBMihwFBVV95cUxNY0k2ZU5MSmh6UWdYMTVvNWNIODJzREVYTmNXOGNWaF9RaGJMRExmLW1lSHVMYzdENWhGbGxXUEQtM2VRWWg1WTVJRHgteUtuWWgtT0Y0LWp0YU9vMnlaXzNJSWM3LTBlSWVjMktpdDE3dDU0NDBYSGlYTzUzTlZmbzlVU3BGVkU?oc=5,no,2026-09-29,2026,2026-09,South Carolina
DRAFT-2026-09-23-nc-0f21effb,DRAFT-2026-09-23-nc-0f21effb,2026-09-23,day,NC,Columbus County,county,Columbus County Board of Commissioners,moratorium,proposed,,land_use,none,,Columbus County Considers a Moratorium on Data Centers - Border Belt Independent,,,https://news.google.com/rss/articles/CBMigAFBVV95cUxQb09ySnoxZjhRRWxTa0ZPaHFZRnNSemJCbGlSdkZHLUNaM2NjeEpzTHZ5YWt1RF9xZ3dXNXNRQ1pNVFBHMFowSy13bzNfRUhiZ29TbE9Relk2Q1ppVUNIel9EZVNXZGV2emlEX184Uk1HTmFWMERDUGI2VUtrQmpvcg?oc=5,no,2026-09-29,2026,2026-09,North Carolina
DRAFT-2026-09-22-nc-61178105,DRAFT-2026-09-22-nc-61178105,2026-09-22,day,NC,Chatham County,county,N.C. Superior Court,moratorium,rejected,,local_control,none,,Judge rules Chatham County data center can proceed despite moratorium - NC Newsline,,,https://news.google.com/rss/articles/CBMipwFBVV95cUxNVk5ub3k4Nmo4SVNhS1VUVnBaTThPUjJPYnh5dHVxZV9YRzdJWXVaWU05dFRPanpndFNhTUh3QldORXBiRm5BTFNWeVZzTllOalFTSzJKYXJkelZjOW4xMnpfYnFWMWVWaW5NdlZKaXhCcXFxLTZNTERDZGZmcUpSOWtKanF5TXoxc0tDd0o3RF93VjltclpTVS1mS1hEdTA0SkxzR1ZZVQ?oc=5,no,2026-09-29,2026,2026-09,North Carolina
DRAFT-2026-09-22-md-c0c54df5,DRAFT-2026-09-22-md-c0c54df5,2026-09-22,day,MD,Baltimore County,county,Baltimore County Council,moratorium,adopted,,land_use,none,,Baltimore County extends data center moratorium to December 2027 - WBAL-TV,,,https://news.google.com/rss/articles/CBMikgFBVV95cUxNUHNfUkdiMlFpVWxTQm1sOW1rYmNiby1hdC02bTBBYmVLdXBESlBCcGNkWVdINkZpZEF6aHVOb2hNSk9ibGc3NlhzNnBnNElBcW9JVVF2WEhpN1RqXzRBb2diWGY3MlVQek1mMWJadWVHaW5kelVoMDU3X3dlUUpIeGprNFRwOEZrWkJYWUo4REowdw?oc=5,no,2026-09-29,2026,2026-09,Maryland
2026-09-21-ca-ab2383,ca-2026-data-center-package,2026-09-21,day,CA,Statewide,state,California Legislature (Zbur),utility_tariff,enacted,,ratepayer_cost,power,AB 2383,"AB 2383 — ""Electricity: data centers"". Signed 2026-09-21 as part of a seven-bill package.",https://leginfo.legislature.ca.gov/faces/billNavClient.xhtml?bill_id=202520260AB2383,"California Legislative Information, AB 2383",https://www.gov.ca.gov/2026/09/21/governor-newsom-signs-most-comprehensive-data-center-laws-in-the-nation-providing-communities-more-control-on-water-electricity-and-land-use/,yes,2026-09-29,2026,2026-09,California
2026-09-21-tx-tceq-permit-halt,tx-data-center-permit-pause,2026-09-21,day,TX,Statewide,state,Office of the Governor of Texas,permitting,in_effect,,grid_reliability;water_use,both,,Governor directed TCEQ to issue no permits sought by data center projects pending completion of ERCOT and Texas Water Development Board audits. TCEQ to report compliance by 2026-10-19.,https://gov.texas.gov/news/post/governor-abbott-directs-tceq-to-halt-data-center-permits,Office of the Texas Governor,https://www.keranews.org/texas-news/2026-09-22/gov-abbott-orders-tceq-to-pause-environmental-permits-for-data-centers-until-audit-is-complete,yes,2026-09-29,2026,2026-09,Texas
2026-09-21-ca-sb886,ca-2026-data-center-package,2026-09-21,day,CA,Statewide,state,"California Legislature (Padilla, McNerney)",ratepayer_protection,enacted,,ratepayer_cost,power,SB 886,"SB 886 — ""California Technology Innovation and Ratepayer Protection Act"". Signed 2026-09-21 as part of a seven-bill package.",https://leginfo.legislature.ca.gov/faces/billNavClient.xhtml?bill_id=202520260SB886,"California Legislative Information, SB 886",https://www.gov.ca.gov/2026/09/21/governor-newsom-signs-most-comprehensive-data-center-laws-in-the-nation-providing-communities-more-control-on-water-electricity-and-land-use/,yes,2026-09-29,2026,2026-09,California
2026-09-21-ca-sb1168,ca-2026-data-center-package,2026-09-21,day,CA,Statewide,state,California Legislature (McNerney),utility_tariff,enacted,,ratepayer_cost,power,SB 1168,"SB 1168 — ""Data centers: Rate structures"". Signed 2026-09-21 as part of a seven-bill package.",https://leginfo.legislature.ca.gov/faces/billNavClient.xhtml?bill_id=202520260SB1168,"California Legislative Information, SB 1168",https://www.gov.ca.gov/2026/09/21/governor-newsom-signs-most-comprehensive-data-center-laws-in-the-nation-providing-communities-more-control-on-water-electricity-and-land-use/,yes,2026-09-29,2026,2026-09,California
2026-09-21-ca-sb887,ca-2026-data-center-package,2026-09-21,day,CA,Statewide,state,California Legislature (Padilla),permitting,enacted,,environmental,power,SB 887,"SB 887 — ""California Environmental Quality Act: environmental leadership development projects: data centers: geothermal power plant projects"". Signed 2026-09-21 as part of a seven-bill package.",https://leginfo.legislature.ca.gov/faces/billNavClient.xhtml?bill_id=202520260SB887,"California Legislative Information, SB 887",https://www.gov.ca.gov/2026/09/21/governor-newsom-signs-most-comprehensive-data-center-laws-in-the-nation-providing-communities-more-control-on-water-electricity-and-land-use/,yes,2026-09-29,2026,2026-09,California
2026-09-21-ca-ab1577,ca-2026-data-center-package,2026-09-21,day,CA,Statewide,state,California Legislature (Bauer-Kahan),transparency,enacted,,environmental,none,AB 1577,"AB 1577 — ""Data centers: reporting"". Signed 2026-09-21 as part of a seven-bill package.",https://leginfo.legislature.ca.gov/faces/billNavClient.xhtml?bill_id=202520260AB1577,"California Legislative Information, AB 1577",https://www.gov.ca.gov/2026/09/21/governor-newsom-signs-most-comprehensive-data-center-laws-in-the-nation-providing-communities-more-control-on-water-electricity-and-land-use/,yes,2026-09-29,2026,2026-09,California
2026-09-21-ca-ab2619,ca-2026-data-center-package,2026-09-21,day,CA,Statewide,state,California Legislature (Papan),water,enacted,,water_use,water,AB 2619,"AB 2619 — ""Water resources: data center"". Signed 2026-09-21 as part of a seven-bill package.",https://leginfo.legislature.ca.gov/faces/billNavClient.xhtml?bill_id=202520260AB2619,"California Legislative Information, AB 2619",https://www.gov.ca.gov/2026/09/21/governor-newsom-signs-most-comprehensive-data-center-laws-in-the-nation-providing-communities-more-control-on-water-electricity-and-land-use/,yes,2026-09-29,2026,2026-09,California
2026-09-21-ca-ab2469,ca-2026-data-center-package,2026-09-21,day,CA,Statewide,state,California Legislature (Papan),transparency,enacted,,water_use;local_control,water,AB 2469,"AB 2469 — ""Data centers: water use disclosures"". Signed 2026-09-21 as part of a seven-bill package.",https://leginfo.legislature.ca.gov/faces/billNavClient.xhtml?bill_id=202520260AB2469,"California Legislative Information, AB 2469",https://www.gov.ca.gov/2026/09/21/governor-newsom-signs-most-comprehensive-data-center-laws-in-the-nation-providing-communities-more-control-on-water-electricity-and-land-use/,yes,2026-09-29,2026,2026-09,California
DRAFT-2026-09-19-wi-2a0339c7,DRAFT-2026-09-19-wi-2a0339c7,2026-09-19,day,WI,Wisconsin Rapids,municipal,Wisconsin Rapids,permitting,rejected,,land_use,none,,Wisconsin Rapids data center denied but not finished - WAOW,,,https://news.google.com/rss/articles/CBMixwFBVV95cUxPVVV3cF9JSDlfRG1LbG5nM01aU19MVkhlc2RVcDhjTGd3RXpKOHByb3YwcVUtejEweVVqVGVia2paM3Z2cVhESGlYX2lsR0ktRnM2SmRCZjVrN2Q2RTlfUWRWY2ktdm55LTA4NmNKR3VSSElkaldzRVRrcFpKMUV6YUgtT2RXeVBlSUNBSzVPcU9tSGVqMzlSTVMzODZiV0lyVUx2MjM4VGhtSWxFZmdnMDROT3EtdVFPSElRTFRhWjVJRy1xazRV?oc=5,no,2026-09-29,2026,2026-09,Wisconsin
DRAFT-2026-09-18-ga-5b1f116b,DRAFT-2026-09-18-ga-5b1f116b,2026-09-18,day,GA,Augusta,municipal,Augusta Commission,zoning,adopted,,land_use,none,,Augusta commission approves data center zoning ordinance - The Augusta Chronicle,,,https://news.google.com/rss/articles/CBMiygFBVV95cUxQUUFDS016ZU5LbkFNWUhzTVVmMlZLTVhmM2RXNGFnejFVdjZiXzFISUdidUc0LUp1M01RZm16X1hjdmJiWmtpcWcwTWdsZkR2c0Nla25mcl8xLU1RMnhxanpqMjZpS1lUeHNpNkpkd1g3MU1CZzZKRmlPbGpJSU1JRjhGR292ZzRnVHZzMWpkRC1zcGYySGlIOW1JSktoUXdsVnhUTzB0R1FRd2xrTkkyenJ6cVRFd3QyQXNNQVZpejN3RmZQU0k0cmJB?oc=5,no,2026-09-29,2026,2026-09,Georgia
DRAFT-2026-09-18-nv-53d5f096,DRAFT-2026-09-18-nv-53d5f096,2026-09-18,day,NV,Statewide,state,Office of the Governor of Nevada,tax_incentive,in_effect,,tax_base,none,,Lombardo curtails Nevada data center tax break program in executive order - The Nevada Independent,,,https://news.google.com/rss/articles/CBMitAFBVV95cUxPaEc4UFZWTGt6NzJYRmhySUtaMVpELUg1SEJrQXVlanhJRkdrdDVCWnZzUUkzTzF0c2NmVkVzZ2dRZ2ZWRi1DS2xzcHRjUjdFbE8tQXp2U2IzS0diQ213NTl4XzhudmhBdnBlQlphMDBXZGx6TTBpYmhSUUNMYjRubko4ZXc0ZXlQYVg1VXVpZVkySGZIc0ZMSWtkZTA2dGRTQklYeGNKU1JraEZHMTJmM2FuUl8?oc=5,no,2026-09-29,2026,2026-09,Nevada
DRAFT-2026-09-18-ri-cd4652e8,DRAFT-2026-09-18-ri-cd4652e8,2026-09-18,day,RI,Cumberland,municipal,Cumberland Town Council,zoning,adopted,,land_use,none,,Cumberland Council Bans Data Centers in Zoning Ordinance on 6-1 Vote - Uprise RI,,,https://news.google.com/rss/articles/CBMinwFBVV95cUxQNGViQ1VXZ2xqN3ZEZnptWWRZZmxYX0JRcmxqSTEyT0QwRTEyeTRYaGFDbHZyN0M0YWhpakdJQmZJX2hLLUtHRFhLNXdkeVNkR092N1ZOMjJQeW03SXZGOG1qcy1iWldxenZ1SjZIT2didDlmaTdNYnE0bmEzUDBBMW51T2swdHNrekVxZGFWWmNRV3lqUmRGRnFTZHZMaWs?oc=5,no,2026-09-29,2026,2026-09,Rhode Island
DRAFT-2026-09-17-pa-f23ab67a,DRAFT-2026-09-17-pa-f23ab67a,2026-09-17,day,PA,Statewide,puc,Pennsylvania Public Utility Commission,ratepayer_protection,proposed,,ratepayer_cost,power,,"Pennsylvania utility panel opens review of how data centers, utility profits raise bills - The Cool Down",,,https://news.google.com/rss/articles/CBMilAFBVV95cUxNVTVIRTlXelk1RVZwZ3RvZDFrcTRpWWs1cFFaRVk0dHRpcFROWk9laFRaNkhXaUFzb25ObVdqTksxTTRVVXRVVFpsNjJkd3o3Y2RUWWY4U2xoc01CS1VDZURGOTZDN0VwMkZOYXdJcFRRcThqZnJzMmViWVN3ZFlYUm83ckhNdEpvYU4zbWQ1Zl9va3R5?oc=5,no,2026-09-29,2026,2026-09,Pennsylvania
2026-09-16-us-hr9340-house-passage,us-ratepayer-protection-act,2026-09-16,day,US,U.S. House,federal,U.S. House of Representatives,ratepayer_protection,passed_one_chamber,100,ratepayer_cost,power,H.R. 9340,"House passed the Ratepayer Protection Act 417-3, requiring state public utility commissions to set large-load standards for data centers above 100 MW so they pay the full incremental cost to serve their load.",https://energycommerce.house.gov/posts/ratepayer-protection-act-passes-house-with-strong-bipartisan-support,U.S. House Energy and Commerce Committee,https://www.utilitydive.com/news/house-passes-ratepayer-protection-bill-data-centers/830658/,yes,2026-09-29,2026,2026-09,Federal
DRAFT-2026-09-16-in-4194fa5a,DRAFT-2026-09-16-in-4194fa5a,2026-09-16,day,IN,Indianapolis,municipal,Indianapolis Metropolitan Development Commission,tax_incentive,approved,,tax_base;jobs,none,,Commission approves $240M in tax breaks for Indianapolis data center - Inside INdiana Business,,,https://news.google.com/rss/articles/CBMitAFBVV95cUxPOGFKVU92bHNZOGs2bDE1LTVTb2hibGdPVGNqN25rbmZWMXYtUGYyM1NwV0FFMFNpNnFGMVFsNTkxY3hKeF83RU9XUFJnUHFxMmx2Sm56RGFEZGJtb3VXVU9PdjQtdlFsNFF5MmJZOTdXYzNiSWJGME84Yzh4UmNJUHVLWkxXQUN1dHBmOTNFaXFIM0dUbkkyanR5UWJTSlB4bTVSV3BhYVlCd2UxX3h6bDdUQks?oc=5,no,2026-09-29,2026,2026-09,Indiana
2026-09-14-ga-state-moratorium,ga-state-moratorium,2026-09-14,day,GA,State legislature,state,Georgia General Assembly,moratorium,introduced,,ratepayer_cost;local_control,power,,PLACEHOLDER - unverified. Bill would restrict local approval of new data centers.,,,,no,2026-09-29,2026,2026-09,Georgia
2026-08-00-in-im-large-load,in-im-large-load-tariff,2026-08-01,month,IN,Statewide,utility,Indiana Michigan Power,large_load_rules,approved,150,ratepayer_cost;grid_reliability,power,,PLACEHOLDER - unverified. Large-load tariff imposing multi-year commitments above a MW threshold.,,,,no,2026-09-29,2026,2026-08,Indiana
2026-02-11-nc-chatham-moratorium,nc-chatham-data-center-moratorium,2026-02-11,day,NC,Chatham County,county,Chatham County Board of Commissioners,moratorium,adopted,,land_use;local_control,none,26-0061,"Twelve-month moratorium on permitting data centers, data processing facilities, cryptocurrency mining operations and associated uses in unincorporated Chatham County, adopted under N.C.G.S. 160D-107 while the county develops zoning definitions and standards.",https://chathamnc.legistar.com/gateway.aspx?m=l&id=8429,Chatham County NC Legistar file 26-0061,https://www.wral.com/news/local/chatham-county-approves-12-month-ban-data-centers-crypto-mining-february-2026/,yes,2026-09-29,2026,2026-02,North Carolina
