candidate_id,found_date,published,title,url,outlet,query,prefilter_hits,verdict,confidence,rationale,proposed_state,proposed_gov_level,proposed_policy_type,proposed_status,proposed_summary,review_status
1e47c63bed79,2026-09-29,"Tue, 29 Sep 2026 17:44:00 GMT",Davidson County votes to hold public hearing about proposed data center moratorium - wfmynews2.com,https://news.google.com/rss/articles/CBMihAJBVV95cUxPUkFrMDA4VEFsNUNuNzBGVDZfcWVJNjJ3TEpJZHcyMUZxRG9vMVB5WGg2amRIV05zenF5LWg2S3MwaUs4ZjVrbU1OeEFUTmgwb2xJWGxJYmJLMlJmQ1hMbkloeTdUekNHc1EteXpHZ2NXRm1KeFBSY1pCNjRya0NSZkFCeEh3WkNsSjZRczFfa2lVVXloc04tUGNRNWMyaEFLbWs1UjI1aHBCekN5YmlaQjdjRUUyM001U001aFhoQ281c0cxTG9kLTBhWWtTZ2NsbjdFQmRYWHFuRzc1dmNDcHhzNUtyT2ppeklrbkR0X1lTVUVvaEpVVFpJWU8tNUU4R0oxYg?oc=5,wfmynews2.com,data center moratorium county,vote;moratorium;hearing,,,,,,,,,new
8bc4fa738288,2026-09-29,"Tue, 29 Sep 2026 12:00:00 GMT","Goldwater Institute says Pima County data center moratorium is illegal, facilities aren't a threat - KJZZ",https://news.google.com/rss/articles/CBMi2wFBVV95cUxQUGJ2ZVZlUEVRS3BtWFF0aVBvbWx3enVQRzM1VmI0VktRRmFMV2R0bzdoRVIyX1U0aVlIYU9PQ1c1QWRHMHM5M3U1QUplT2h4SnZhTjBrb2E3SUk2QVZiZ2kwY0VWTGYzZnRGa3VFVmlnV01XbFdLQmozSXhTQndPdlR3Q1JZV2xxbGNUUF9PZXBFdXp4OFp6d2F2eUhEd2pUbjZMUEdnZ0VWWkhlNG9qTmN4Z2R3VzNwM2VrMHlkcGZFM25CazdUYmFRUl92MnRUODVMSmYydHZJMDQ?oc=5,KJZZ,data center moratorium county,moratorium,,,,,,,,,new
0a8be31b78a7,2026-09-29,"Tue, 29 Sep 2026 12:10:00 GMT",Guilford County Board of Commissioners to consider moratorium on data centers - WXII,https://news.google.com/rss/articles/CBMiuAFBVV95cUxQRDNQV3QzR0VyMEZGVFlUQ2hhel81ZkZodnNsYnVGMUhOMFBVTWMzZ3BSQjBSTGFEa0lhWnNjcGo0RTBNNlR1Q1p0bUpaVzc3Z2VoSDZ6d1JVUWhrV1FUam5CaFRHWmpFOVVFUnAzMkw5Wkp1Y2JrVU5LaW9fQVRjdlluQ19FMHNaT0N2WTU1N1EzeWVtZGJkTHRQY0VkempyOHFsX1YzWUVjYURwYVNJc0JFd2h2NHNp?oc=5,WXII,data center moratorium county,moratorium;commission;board,,,,,,,,,promoted
e96fea657d61,2026-09-29,"Mon, 28 Sep 2026 10:00:00 GMT",A tiny town decides moratorium can’t stop NY’s biggest data center from moving in - Syracuse.com,https://news.google.com/rss/articles/CBMivwFBVV95cUxNYUV6U3BMTU1hV1ItandFU1h3N3Y1bWdKNnhhUWZCMnRqWDd4aUFwb0tnOEJSd1N0Rm1iNVVBTWlGZWM0VmRwaEZXUVBxTHdrbXBPN2ZLMkctZDlDOUd5eDFSVzY4OWtKSzA4ZzYwSDktUl9KR0MtckFKTmhqbVdqSmpPb0h2RGR0M1JEVWZram5lbFRjLV9BazlCOEhidE5JSVF0c2NDXzA5Rll6eElKQUJ0anF4UjNwVTZHR3M5MA?oc=5,Syracuse.com,data center moratorium county,moratorium,,,,,,,,,new
695056c6df61,2026-09-29,"Mon, 28 Sep 2026 20:03:33 GMT",Pima County’s Data Center Moratorium is Unlawful and Threatens Growth - Goldwater Institute,https://news.google.com/rss/articles/CBMipwFBVV95cUxNcEZVY1d6ZFlaZEtCT1RWMy1rTlE3WW0yYnFtZmdta2hBdjBQSFp0bUdpYnlWcUtTUURqXzZFWnByeU9UNlg4VEpvb2QwLWRBRGxVbUhQbG5teG1WME9tUVNGTXhNcmtydzJXczJ4Q1puX05rNDZqdzVrNHBSUWFlQ1hFeFFUbFNEU1ZuWmZrS1JKcjlVZGVycXRpX0YtYkR3aVN1YTVSVQ?oc=5,Goldwater Institute,data center moratorium county,moratorium,,,"think-tank commentary, not a government action",,,,,,rejected
3c754a189db9,2026-09-29,"Tue, 29 Sep 2026 13:04:06 GMT",Will County Board Member calls for moratorium on data centers; says county regulations needed - Shaw Local,https://news.google.com/rss/articles/CBMi3wFBVV95cUxQOVdQVmpSNXU1V2xKU0tGRkhSRW04NVkyUUNFRWxDSUFyVHplalVYcU1KSUZmQmZoLVBMSVZTZnZiNWlfQ2FZTlFYM042b19iN0cyMnNKWkhlTVZkckRqaHFmMG1heTZVOThpVHVIVWMtVWt2enpPWHZSZnQ3eWZtSTRBY3lWSFlVd1E5Z1VKNHM4NnU1MDRxNjZFV1VrWEg0R2dQdW5sRU1HOEE3c2VXYVJfeU04ZHdCU2VlQmdkeE0zN0h6VnZQY0VaeDc5ckdFSWhKaEEyRE5USDBISGM0?oc=5,Shaw Local,data center moratorium county,moratorium;board,,,,,,,,,new
d562ce7c8578,2026-09-29,"Mon, 28 Sep 2026 23:04:55 GMT","City commissioners in Raton, N.M. reject moratorium on data centers despite petition - Colorado Public Radio",https://news.google.com/rss/articles/CBMie0FVX3lxTE55Rnkzc3d5el9xZ05Ja0pwbU1WTHJhQ1I5WnhXUnhaYTBFb3pwS1hzWG9uUGpUN3ZXNXNGSGREcWpwZ2FDdlBhc3g4TEppdGQ1Z1BwbWZUTkNhUUNsOGFtYWMzdGkwY1RpVW93MFZIbm1QLTRVOGV4VUJPTQ?oc=5,Colorado Public Radio,data center moratorium county,reject;moratorium;commission,,,,,,,,,promoted
0652b077d488,2026-09-29,"Tue, 29 Sep 2026 14:34:00 GMT",Ilion delays data center moratorium vote - Spectrum News,https://news.google.com/rss/articles/CBMiqAFBVV95cUxNX0NMUl9RM25CVG1MWHFhUi1QMFAzMTN5SXpGSmRzOGpTaS1sN3Q2NGNpM1lkOXluODJoX3h0TFlBb2hMNTRaUnpXdDZjSko1eE01elpJM2IySWt2RTRzMmNMRHUxRHh5eVl0LVZGUEJpb3dyNE40OHdZUnh0ZjNDUGF3WmJjdDhUcnRobFN3VC1pSEhYejQzYmx3RURKTlFPY09yVGRadl8?oc=5,Spectrum News,data center moratorium county,vote;moratorium,,,,,,,,,new
f2e7e14fd2da,2026-09-29,"Mon, 28 Sep 2026 22:47:00 GMT",Fairfield County lays out yearlong plan to study data centers during moratorium - WLTX,https://news.google.com/rss/articles/CBMiyAFBVV95cUxQWmdGX2Y0dEdqc0lVVkFHYTBLbHBYQ3JEbUplNTZZVWdpWm1BQ2prYVJ5NmRPdl8tNHdFRFZ3d0lXSzdNMkIwdlcxZFNiRC1wT2xUbDRicDdLVEE4Q1dFcmV1M3M5Z0Nxd1NlZ0dkWEFqWC1QNk9jcGw4V1lQdlAwVml2bF9NVjFMTjk3THJ3VHJQY1NWaWJQVGIwelJIMklSZ2pDWHhXdjZsQU9BMENfSkp1WkR6NWVSb25tWVh3ckhfbWpUdWlHZw?oc=5,WLTX,data center moratorium county,moratorium,,,,,,,,,new
f67f6a149499,2026-09-29,"Tue, 29 Sep 2026 10:08:00 GMT",De Pere committee endorses data center moratorium on water burden - greenbaypressgazette.com,https://news.google.com/rss/articles/CBMi2wFBVV95cUxOYTRpb1hkM1Vfa3ZidzdJa1l4bWRBMnZoUS13R3BlZDEydzNmOUJFaDNuYTl4dlZXLW9lZU14UzR3YVFZc3dGaTdTQ0JvYlZTZDRrTjRQaUFsYXFpVXJ3UHhtdUFBWUtGUmVDSDh2bnJWUnh3eUJ0alNxLUJfSUladUJoRmM4RTl4aFFIWm1QcHczT1kzQnVLZUZyMmxmd1dDazdQdWhjYmZuRVdFQnd2Tko3ZVI0aUotejFacFBXSVppLVdQZ09RbjFNQ05EUlJ5SmRiZFJpSmlCbXM?oc=5,greenbaypressgazette.com,data center moratorium county,moratorium,,,,,,,,,promoted
0f7902da50b4,2026-09-29,"Tue, 29 Sep 2026 01:16:00 GMT",Pima Co. eyes data center rules amid moratorium - KVOA,https://news.google.com/rss/articles/CBMixwFBVV95cUxNbWZaQmJZRDc1RXJlUHV0U0FvZHJ3S2N5MVBzcExaSDQta2lOTWJXS2djc3oycVo5NHFPdXhyenVtaXQzbUFqUHRGdGhZN0JSMGFzakpUVTVJV2R4NXdQdkpPMjRNQ3FRaFFZWkR5NWYyY1FXb09GLWo3MnFiSTNvRG1UYW9IUHk4RlBrRjZrRnhTUGZmYk5Scmtncy1TYW5yOEQ4NFdJUnlFNVBtZUowTFVXdDNES01Cc3BUVkltZ05OLV9DNDMw?oc=5,KVOA,data center moratorium county,moratorium,,,,,,,,,new
b068d2c5459c,2026-09-29,"Mon, 28 Sep 2026 09:04:00 GMT",Council approves second reading on one-year data center moratorium - Bluffton Today,https://news.google.com/rss/articles/CBMi0AFBVV95cUxOYnhrYVY2clpqdkRRbTlHSEpuTGZZVUdBMHUtN2d0dk1aYy1pWDdoVnhnNXJPbTJKaGhxX3NLRUNoUkplOFZGOVVWNzNFUnlTTkt5ZlpMYjQ5dlhkWVYwa0lJbmlZRXdTWHlMbzlNNHU5SXhjeFFrUUQzTzR0MjBHZTFyNUVpZDh0U2x2QkFTblpUb0hYVzlCd0VBRDRIdlBqME1UcnAxWUNNY1dHWWRtVDVJY25NYlBKdFJWb1NtbkRDcHNIQVZUdUJvUlQ1bXF6?oc=5,Bluffton Today,data center moratorium county,approve;moratorium;council,,,,,,,,,new
611781058856,2026-09-29,"Tue, 22 Sep 2026 20:23:12 GMT",Judge rules Chatham County data center can proceed despite moratorium - NC Newsline,https://news.google.com/rss/articles/CBMipwFBVV95cUxNVk5ub3k4Nmo4SVNhS1VUVnBaTThPUjJPYnh5dHVxZV9YRzdJWXVaWU05dFRPanpndFNhTUh3QldORXBiRm5BTFNWeVZzTllOalFTSzJKYXJkelZjOW4xMnpfYnFWMWVWaW5NdlZKaXhCcXFxLTZNTERDZGZmcUpSOWtKanF5TXoxc0tDd0o3RF93VjltclpTVS1mS1hEdTA0SkxzR1ZZVQ?oc=5,NC Newsline,data center moratorium county,moratorium,,,,,,,,,promoted
fd89cf3ff820,2026-09-29,"Sat, 26 Sep 2026 06:15:00 GMT",Mesa County to consider data center moratorium - gjsentinel.com,https://news.google.com/rss/articles/CBMi3gFBVV95cUxPZ01ZVUJRYi1KemFtWC1tQnhPbHVPTFBobVpNZVRyUjhRNG56M0MxZ1kwVU1ZYmY0YzVSQ0F4SG94UGdjLVlKWGpMQnR0M0JUWEFoVS02NWJfV3RvdmMxTzBBZXhPSUNEVGJjdmlXSGU2ck44emdmei1DWkt6ZzVLU09JSmxicWI5eGdpYXY4OHR4eERTWTJrbWtBRllBenI1b0FOR3g0WjVNS3RwOGFhbGlmVmJiWjdNcF9DcEg5dEREcXlTc19zOEp4OU1fQ01DWGtsZFRfX29IVnNtZGfSAeMBQVVfeXFMTm5hRFJWQ2pWQnlWc2lrY3ZTOHBfaDEzSVBUMkE5VjJCcW9xRHZmYUE5OGVpLVVUOVRNVGRQMFdvb29ra3JaX2J3dndnRndQRnlaN1F0QkhsOGpoY3FNdGtvYk9xQ0l4SkMxaGZfWGtkM2Q3eDZGcjhfeHdUZU5EMk9RamVWZzZodWgxallJR2RtcDlYNktrZlpHSDJhT0lXTmRoRWNDUFRlX2xUXzVqQTNaV2psNjFZTFlTUVJaeUlSaTY3TFJoSHhXNlRRZnRoSDZvUjU5YU44enllcjUzUHVwRUU?oc=5,gjsentinel.com,data center moratorium county,moratorium,,,,,,,,,promoted
d8d0672997cf,2026-09-29,"Tue, 29 Sep 2026 16:38:26 GMT",Why Calumet County hasn’t passed a data center moratorium - WTAQ,https://news.google.com/rss/articles/CBMijgFBVV95cUxOX0lWYUk0TzEzdjI5QUZ5aEFQeDJmd0dyWk1CWmFoSDRHZkJEaFAxazZqY3BRR0FEcTFvWHFPeDNRSVJURm5adThMWVJoUkpCZTN3RVE2bGxYMjNyeDRYQmpvd3BVbWlyR2ZQQ2s4U3BsOFpicWs0R0xRZmNCOWhoOFBpc2R6MnMwRHlrcThR?oc=5,WTAQ,data center moratorium county,moratorium,,,,,,,,,new
647a8e43a619,2026-09-29,"Sat, 26 Sep 2026 15:38:59 GMT",News Flash Archive - Update: Proposed Eight-Month Data Center Moratorium in Unincorporated Lake County - Lake County Gov (.gov),https://news.google.com/rss/articles/CBMieEFVX3lxTFBPTHlDZTZTbEJjdk4zaUVaalowR2JfSEUwdzZVVlNKdC1CVUtDMHFFWG9PdlpQS3J5dVJlb2s0dU96Tm5XOExlTFdEU2xsZmNHUjVVeUxyaU5qRk4wVWU5WXV0RGhNMEpXdmtYQjZxTnBEYUt5V0JyYg?oc=5,Lake County Gov (.gov),data center moratorium county,moratorium,,,,,,,,,new
98e94ccc6bfb,2026-09-29,"Sat, 26 Sep 2026 17:58:21 GMT",Trump's home county hits pause on data centers over environment and electric bill concerns - Fox News,https://news.google.com/rss/articles/CBMirwFBVV95cUxPcmZUNkZndVJ6YUtkZDRueHdJUlVFNzRYajZSY3FLRWJrSzVxOVJjQTE3OG9XdXp5OEJRMEM2c1RBdUVuRHNiLUNIQmZOenZ6MGdLMlVvX0ZwaGFUQnNUemFVWS02RG5oSkFyVGQ0Y18tSld4V3huVEtJbC1jTFAyVU1Nall1N2dEbWFtS3FmMGhBbFZxaV9zNjVVUXFVUFFYYTRoQlNJQjdqMjdRNzNN0gG0AUFVX3lxTE5lNHpjMjFZOXZkTFRudmFWR1FFcmRwbW1Id1NVM2Z3RW9HZW9CVDRiMGNSZUJQTnFtZDBBM2RrTldVOHpHNG9NMW83Rm1YR1pVeUVnZW5VZlh3Q3A0UVRaMUFTVDgxRVUtNlBVb3owQzltUUJta3BHNkd3RXJTbUN5NzBlbVo4dFpnNXd4alNFQ28tcUdtbGxWSzZpOWo5Nm96ZEdDU2otdlFjc25CdDdiZjlxYQ?oc=5,Fox News,data center moratorium county,bill,,,,,,,,,new
1fec0ef32d6a,2026-09-29,"Wed, 23 Sep 2026 12:17:00 GMT","Data center moratorium extended in Tulare County, as community calls for permanent ban - Fresno Bee",https://news.google.com/rss/articles/CBMihAFBVV95cUxNOHhFWDlSLXJzQWtFRlR1c3BONnRIQjJ5X1dyWmh4aTdZMU9lVGNEemVHTXE5R19EUE5OTE9WYXRwMkhjeWUwelVfbEtNLTJMNTBES1Y1N2R3dWNZVGlHakZHVjVYV2FBMVBjbGJUVjZJU2VMa1ZwSFphSTFnaXFKdnhJNC3SAYQBQVVfeXFMTzR1S0w1OXlDX1hQcmJrbXdYeHEtUlo1UTZyM0VpN3FCYVB6Uzc3SjNYRk1JY2dDX1h3bUNMU2lyVk5zcVZHY0gwd2JKT3RtUmhoMWJwMHlHSEZqXzQwckdoem12ZVM1NGM4dUVYc2pBZHpfakdqQTRkX0RTZWNpcUhSVzBy?oc=5,Fresno Bee,data center moratorium county,moratorium;ban,,,,,,,,,new
392f627161ee,2026-09-29,"Wed, 23 Sep 2026 16:08:40 GMT",Pima County supervisors approve data center moratorium - AZ Luminaria,https://news.google.com/rss/articles/CBMilAFBVV95cUxPQXB5YlVTMTJpSjI3WlZIUHZKelBMeEU1cFIyQnpNWHVkWE1WUmcxVkw0dnB5aFdQX0JXOXRROXZQR09xblQ5aFVaX0JfOGNuVDliT0tVa1ZxelBJVmY5SVNJQWJCVHc3d1huMFh6U0U4Y0JQY1hvby0wRC14ZFBHS0RrOVlOaFc5M2doYkJOX0hjeGpk?oc=5,AZ Luminaria,data center moratorium county,approve;moratorium;supervisors,,,,,,,,,promoted
c1b8413265cd,2026-09-29,"Fri, 25 Sep 2026 09:50:00 GMT",Manatee County commissioners move forward with moratorium on new data centers - bradenton.com,https://news.google.com/rss/articles/CBMifEFVX3lxTFB2WFZQajQydmtTUUxNeXVXSlZMcTZhUjhqZnFDbExHUVZHbUp2eEphU3Fpd3N0T0Y2T1RLdGY4UDdQamtpcC1JNDMxTHA3d1hVOWN4SDBaczBnQ2wzT3ljaU9CVDE5M0R3UVBzZmtmcDdIRUI3SGpiZzJqenbSAXxBVV95cUxQXzI0SEVHSTFpWklQQWJhcFMwU3o4QTl6a1JmbWY5OFNtcmtwOHpKbnlCMmhZNVlRcUJteEY1UHhXNlVqd2R4UmVXRTlTVng3ekJwQ0NTNUJBQVZpY0l3cmUtcm5QbFBsYmJTQmVhczh2eDVyd0xPaEV5LUdV?oc=5,bradenton.com,data center moratorium county,moratorium;commission,,,,,,,,,promoted
002c298ef469,2026-09-29,"Mon, 28 Sep 2026 11:01:00 GMT",Tulare County Supervisors extend data center moratorium into August - Visalia Times-Delta,https://news.google.com/rss/articles/CBMiygFBVV95cUxOMTFMQWFBQi1tekVaWWNLd1BJY0ctMEU5WG95R2dGc1dLd1FQekpnRmpDS0VHbHdMY2FzSHF4RmxMdmpNUVZ5MDM1QlppdGJSbFBHTWliTFFCS0ZhUkZaamY2WmRzTmRQd2tITUFGQmxwbm1xdkoxQmRzWC1mZWdJbVU4MzU3S0NjbEJ2cHpFMGdRNlpoRGY2clRDM2Zfa3loZ0VESkdiU0JOMDdsemRCR2xKenpBM01jQklhRHVyeFk4TjdqejRfNkpB?oc=5,Visalia Times-Delta,data center moratorium county,moratorium;supervisors,,,,,,,,,new
a752ed5a1d77,2026-09-29,"Fri, 18 Sep 2026 07:00:00 GMT",Ohio now has over 125 active moratoriums on data centers. See where they are. - Ohio Capital Journal,https://news.google.com/rss/articles/CBMiugFBVV95cUxPRExKakV2N0otXzBMZmpyR2NTd05hZVNpRWNPQmFnMjBVNndOTEltaGVvUS0wVWJSME1oUkg5b2lvSDhmWFFrUjBhZUdtaVI2eDFDVHFQNUF3Y2dmcnNKZDdyTFc4enJzX2dtYllvTkVlOU1OZDRuLUpxT2ptNk1WczdyY2gzN1VlWW5MSnBETkUySHIxS2h2T2VBWmhrS2JvYWtwSTBHdGFfYXJNenJoOURkbFhGUklzM3c?oc=5,Ohio Capital Journal,data center moratorium county,moratorium,,,,,,,,,new
c7da040340bf,2026-09-29,"Thu, 24 Sep 2026 21:17:00 GMT",Megawatt moratorium: Palm Beach County OKs year-long data center pause - The Real Deal,https://news.google.com/rss/articles/CBMimAFBVV95cUxQb2F4aFp5UGpjakhFeHk1Y1hzOXE1M3NsTkJiUVhrdV96RFJVdzNpeE5saDVjSkpudm1LX2ZrSWxzaDE4UlNacEd4SHFpVms1bnAwZU1BeFY1Y0JMVTd1NFhtMV9tdWFFWkxsd2lkRFpmekJ1SGZSYkUtZktQdkxHOFdsbmctVl9nVFdDQ256Y2NObHdCUTNrRg?oc=5,The Real Deal,data center moratorium county,moratorium,,,,,,,,,new
e745e1cfc83b,2026-09-29,"Thu, 24 Sep 2026 23:25:00 GMT",Palm Beach County commissioners approve moratorium on data centers - wpbf.com,https://news.google.com/rss/articles/CBMiiwFBVV95cUxPaU9zMS04dExRbmpSbWo0NnIwaWRuSVhZMVE2c3FQOG50d1oweFQxbkxmMzlMSjZDd1Y4UWk2d2JzOGgxNVlLSnE3OXZFTzBibXlRWUMyWnBBbEpVcG5YbE5oajdZcTllYjJ4REtDWHdXR0E1dVRKNXZIZlY4MzlmTmdqMDk4RlIyYUc0?oc=5,wpbf.com,data center moratorium county,approve;moratorium;commission,,,,,,,,,promoted
c0c54df50187,2026-09-29,"Tue, 22 Sep 2026 23:14:00 GMT",Baltimore County extends data center moratorium to December 2027 - WBAL-TV,https://news.google.com/rss/articles/CBMikgFBVV95cUxNUHNfUkdiMlFpVWxTQm1sOW1rYmNiby1hdC02bTBBYmVLdXBESlBCcGNkWVdINkZpZEF6aHVOb2hNSk9ibGc3NlhzNnBnNElBcW9JVVF2WEhpN1RqXzRBb2diWGY3MlVQek1mMWJadWVHaW5kelVoMDU3X3dlUUpIeGprNFRwOEZrWkJYWUo4REowdw?oc=5,WBAL-TV,data center moratorium county,moratorium,,,,,,,,,promoted
d620a8c27e67,2026-09-29,"Thu, 24 Sep 2026 04:07:35 GMT","Tulare County extends data center moratorium to 2027, formally opposes development - thebusinessjournal.com",https://news.google.com/rss/articles/CBMid0FVX3lxTE4wX2h4RVd5MFBwdm9zNk1Dell2Q245Z25qZWt3UU9mS0REenpHWGxQNzZGcmVyRVZwY0JmZ1Zpb0JNbldhTXdTVjNGYXdYbURLUEpsNVRXNUZRTjBTTkRnTDNqZXlrY3d5X2gwNVBtVmdkS1ZrbHRr?oc=5,thebusinessjournal.com,data center moratorium county,moratorium,,,,,,,,,promoted
2efc2e6c3381,2026-09-29,"Fri, 25 Sep 2026 02:37:00 GMT",Scott County extends data center moratorium until March - WKYT,https://news.google.com/rss/articles/CBMikgFBVV95cUxQNzNkY05XWEtBNkdIZHNIbWVXMlJ3bkhvUng1RVRrRVBfSUxwMEo1WDQtcGw3LUlER0V5VFdRZjJBRUdqdFZmZVJfaTk3VmZxMWFyWnJ5VFJrOW1kamQ0ODgzdkNFRGZtczZ5czBkQWR3SXNOOXdRdUl2a2hqVnc5MjhFSkxUTVhaaV9DYTBBWEVnUdIBpgFBVV95cUxQdEdDNFp2ZVBSN0E2VkJDSU9hOUpaUVRqSWJXXzhpSG5WNzd2NVh4alRUZzZaWTA0c0NkelRPWjhGYzM2Q0d3S0FlVFBpeENycjliZlA3WmRRd1NrZnlvMHIwMlRiX2V6M0doUUxZOWhNRzVsUEdrazNybUlJbHJRemlXTUg5dVVQZlhLODlOcUhBYkxDZVlEcUUxX3M0NHNCT055OFdn?oc=5,WKYT,data center moratorium county,moratorium,,,,,,,,,new
3fdd72bd6df2,2026-09-29,"Wed, 23 Sep 2026 01:27:00 GMT",Spartanburg County joins other South Carolina counties in data center moratoriums - WYFF,https://news.google.com/rss/articles/CBMihwFBVV95cUxNY0k2ZU5MSmh6UWdYMTVvNWNIODJzREVYTmNXOGNWaF9RaGJMRExmLW1lSHVMYzdENWhGbGxXUEQtM2VRWWg1WTVJRHgteUtuWWgtT0Y0LWp0YU9vMnlaXzNJSWM3LTBlSWVjMktpdDE3dDU0NDBYSGlYTzUzTlZmbzlVU3BGVkU?oc=5,WYFF,data center moratorium county,moratorium,,,,,,,,,promoted
88ebda54812d,2026-09-29,"Mon, 28 Sep 2026 14:56:05 GMT","Forsyth commissioners to discuss proposed data center moratorium, county official says - WS Chronicle",https://news.google.com/rss/articles/CBMiggFBVV95cUxOYzFMSjVrRTVIdERTSlVXeGNWM0NTNlZ5aXBhV01YVXRHN01MSnQ3MC1ZSjlPSWMtdF9UOFZ3ck5KRjAzU2tudFBLT1Z6WHRHTkhnRHdtRm9SUG5ydkpqNFU2MjRRSlRyLUpsa2x2V0dTVHktUVNQRUN0ZDNnbV9WaEpR?oc=5,WS Chronicle,data center moratorium county,moratorium;commission,,,,,,,,,new
ae6fdf52f75c,2026-09-29,"Mon, 28 Sep 2026 19:23:01 GMT",Angie Nixon wants to co-sponsor Bernie Sanders’ federal moratorium on data centers - Florida Politics,https://news.google.com/rss/articles/CBMixAFBVV95cUxPc0h4NjBfWVFQbUtnUWllNmd0cjR4V211LXpzdWV5X1hpZzlZLThkX1dYSkhQWVdYTnFLczlhcURZaTI1VzdhV3BRRW9IUXM4TEs2dzhtZGtDWEVvVkoxeVFTWWVVaUR0V0ZsYmlkTFA5Tm1VUV9DRjJka2dVenNYZWVJbXd2cXh0V0Y4UGV3VWROckRzb1BvYXdkMjVHRmVlbk45V3NXOHd4eXlIOExBR3ZNSVU0N01mLW4yczh2SnNqdVlW?oc=5,Florida Politics,data center moratorium county,moratorium,,,,,,,,,new
748fcab427f6,2026-09-29,"Fri, 18 Sep 2026 07:00:00 GMT","Chatham County data center can proceed despite moratorium, judge rules - News & Observer",https://news.google.com/rss/articles/CBMijgFBVV95cUxNNmcwbWlWYnlsTkNCNW9fYnJWQjJORWFXQ2M4VG1OQk8xUGlURVpzTHBtV1RCZ2VzLXJ0cTdJOFZOWkR2S2ZJWEp0RFl6N2N4MUJDM1pNeVpKZUZlZk5iX1dZNURmbmVyUHVCY2RtYWgwQ1pqUWlaem9vSk0xR1lESnFPNGhVbTJoR0lVOGNn0gGOAUFVX3lxTFB4c2lqeHZ3M2RUazJwT0o2dFVXY1ZWMG1sMVNtWm5HTTdvOUUzRWNDRDJ6YmJFUm9IVTBYQzZfYVZtc1h3WDlPWV8wQmVTSmVTZDM2NHNDeUVBbWNJaXVyemZTcGR5Z2E0bzBTcEkyRFpFTURIelNhVWpVd1VMbG5QRjFodnVpYU9BMmtUWXc?oc=5,News & Observer,data center moratorium county,moratorium,,,,,,,,,new
32d1be00687d,2026-09-29,"Wed, 23 Sep 2026 21:29:55 GMT",Board of Supervisors approves temporary data center moratorium - AZPM News,https://news.google.com/rss/articles/CBMimgFBVV95cUxPejhTX1VpZXA5VC1uQ1Z3YmtGVUQwUGgwV2FNNmtCMDVSeFVYcTZaS2Vhc3h1ZVBaUmxraDdCNzl3dkFERHQtZjdONHEzN0ZrZzQzU0RKdjh4VzhxMkR3c08tT1oxR0doYjRGSDkzX3E0Z0VNX2swS1hiNVlRSF9yS3RKNlZzZ3pmejEzdGI3QUNqbGJsU29TUmlR?oc=5,AZPM News,data center moratorium county,approve;moratorium;board;supervisors,,,,,,,,,new
0f21effbe1c2,2026-09-29,"Wed, 23 Sep 2026 14:38:57 GMT",Columbus County Considers a Moratorium on Data Centers - Border Belt Independent,https://news.google.com/rss/articles/CBMigAFBVV95cUxQb09ySnoxZjhRRWxTa0ZPaHFZRnNSemJCbGlSdkZHLUNaM2NjeEpzTHZ5YWt1RF9xZ3dXNXNRQ1pNVFBHMFowSy13bzNfRUhiZ29TbE9Relk2Q1ppVUNIel9EZVNXZGV2emlEX184Uk1HTmFWMERDUGI2VUtrQmpvcg?oc=5,Border Belt Independent,data center moratorium county,moratorium,,,,,,,,,promoted
d72ade397876,2026-09-29,"Wed, 23 Sep 2026 17:14:00 GMT",Pima County passes 120-day moratorium on future data center projects - KJZZ,https://news.google.com/rss/articles/CBMitgFBVV95cUxPZmJ1Z0xpNUR2b0hKMHpmdEJJaHpXYi1oVEh3XzRlcld4THRpRHJKYzhKQWVySUlMblZmM2VXUndSajIzUG1XS2pOYXRYR3d3QVUwTk1MOW5yeldFdjZWRG9adVV4anFGZmNkQVlNb2l2aHZETWFaRWVySkcwV1NpVHNmRHphMHBscExiWlU0OEZycnBwaldmOHpHeDUxWnNfeHhjYXA1ZlZOSmsxcnlmNHRSV3d2QQ?oc=5,KJZZ,data center moratorium county,moratorium,,,,,,,,,new
5bfe6eacb72c,2026-09-29,"Tue, 29 Sep 2026 14:56:01 GMT",Mercer County fiscal court rejects data center zoning ordinance after months of community pushback - LEX 18 News,https://news.google.com/rss/articles/CBMi2wFBVV95cUxNTjdmWjVyVXlSNTRtVkliSEswVEtPXzJVYW1lSFN1UkN5UDBUWEUtb3pONERMN0ZjbGNucVJheXktdjlpMkJfQ2pWUjZFVzdpYnJDVURvMjZVRkU0MzlhMUF5aEJHT1AtZkFyVjZ0Yk1VVV96VjdDS1BudmF0VEdrb2hodXo4ODI5VVR1ZXRDRHdfejZSTThpZ0tHS0ZBTThab05JaVJMUkxWblpoWlVKenZyaks4QzUwdHM4NWg5ODhuclhxZmt3NzY2blcwV2Q2UEZSYTlSRUs4RFU?oc=5,LEX 18 News,data center zoning ordinance vote,reject;ordinance;zoning,,,,,,,,,promoted
b3eb6656ef51,2026-09-29,"Tue, 29 Sep 2026 17:02:10 GMT",East Buffalo Township to vote on data center ordinance Oct. 12 - dailyitem.com,https://news.google.com/rss/articles/CBMi2gFBVV95cUxQZkZ2bWQ3RkdJdjRnZWpSRmxWeU13WlNLZnJLYTRmUHpTR0E3el9TLWttV1NaeXFfNDlTdTFXRGpuLUpHMmVYbXJxcnZwd0lJUmNwOHFxUHJ3VVRVNmRENUpUbkJ4OWExUzU4X3FTNEJ3UlJfcTRBNFlGMHpfQW4za2NzYUFYaVZ6UkpDZks1c3dIaTE3VWNhbWhyUkYwMjR4WGNQbjFzdFQxMjhlZXpXWjVReldKY1UwQUlBQjlaWWVGRHY1Vl9nMEtsWFN2U0xlRzhiNnhiaGNEZw?oc=5,dailyitem.com,data center zoning ordinance vote,vote;ordinance,,,,,,,,,promoted
396b342b7767,2026-09-29,"Sat, 26 Sep 2026 19:47:25 GMT",West Hazleton to vote on wide-ranging restrictions on data centers - standardspeaker.com,https://news.google.com/rss/articles/CBMirwFBVV95cUxNSmZMeG5USWVUbFhVRDQzbnl2bU5zdU1neGJsOUJWUTZKeEktM2ViTmtVMWl4OXZrNlgwZktNNUhUSVhFdXBkallFOTRnMzM2U3FpeWVxN2JkS2J1MHZyNmlLSVJ3eVpSbzdLNW55Vm4zUW9fYU1VbWZ3VGMyNE9CT2lRNEotc0YxdVQ4bWNsMDF5U2VwWkdBYjByT3RmdjFXQy1qcWJZX190d2FENXR3?oc=5,standardspeaker.com,data center zoning ordinance vote,vote;restrict,,,,,,,,,promoted
4594da64dd2d,2026-09-29,"Tue, 29 Sep 2026 02:59:24 GMT",Mercer County rejects proposed data center ordinance - FOX 56 News,https://news.google.com/rss/articles/CBMijwFBVV95cUxQVHN5aFI3N3NFZTZ4b3Flb3VEbzVxUkJ2WlBOQ1dvdmdPRzBUeGxQWGV4QkFQcFVOLURqTks5REZpcDNKVDVkaHVQOTU3NDVMTzFkLVg5c2NtaHJmQ0oyOHlaXzZkdW4xXzN6NGdlLTdCVGdYZEVGZU9wOVdDT3NKUEprY09fQzc2MTloZFhSRdIBlAFBVV95cUxQdUVfSDVCOHE0VG9ZaDZBcTY5TUpTUkNJcVN3REc5YzJIay1MM1lhVE1VX3F1WjhoVmN0S3o5cWE3dE1SUlZqOHRHWGFRdW1hMUt2Qlo3TVZIU2U1NEJiQTFjd2s5XzJRT3NFQWdWOUdxQXpPbUFfbWxUUXliVzk5OVpDTDNCSkZTM1N4MzdxVXdES19x?oc=5,FOX 56 News,data center zoning ordinance vote,reject;ordinance,,,,,,,,,new
cdf3c6ae6714,2026-09-29,"Fri, 25 Sep 2026 16:11:00 GMT",Data centers face new rules in Saginaw as council prepares Monday vote - MLive.com,https://news.google.com/rss/articles/CBMixgFBVV95cUxQWHpNTk1RM1NzbHpqMzRNemY0MTV0OENST0JFVXc1R0VOa2FQQTdiRDRIWWZTMDdneXRVY25KZWp0c1YxUUxzUXlpMm41Y1pXZlRkNHd5UVVLalJfeHM1OHdGWTEtTlNBOGxSVUJVVFVKR3BqQmtEMDBoV2pYdEhEZm9wVF9KU3NWNi1SRThRRmZKM3drTVhQS0JwNFB1WXJEa1dINHdkZlZTOGFzdURaNzlxM0s5akZza3BkUWhJQ0JuUklYQ2c?oc=5,MLive.com,data center zoning ordinance vote,vote;council,,,,,,,,,promoted
32fa27cd44c7,2026-09-29,"Mon, 28 Sep 2026 20:38:00 GMT",Ohio Supreme Court: Wilmington data center ordinance can’t be added to November ballot - WYSO Public Radio,https://news.google.com/rss/articles/CBMivgFBVV95cUxOVzRaSE15VHUwSWZTUGVFT3E0U0NPX2RPX2Z1UlllZUNuOVd3OXhnUGNGQjYydDZMdTFORDZVSjNwV2JZSWN0SlJfZTFoT3E4d1BUMDJGYzZXX09rZ2k1dkRDVVFBSWVpWjNrX0FvOTB1a1RZU2JMVndZY0k4dmNuVXctM3NrU0lrWGIybTFha3dXaXRYWHpURFdEVURINjRleVAtdnZ5MjFMYzVmOHhQMVo5NnBpYzRycXNJdHB3?oc=5,WYSO Public Radio,data center zoning ordinance vote,ordinance,,,,,,,,,new
661d11e2ad8c,2026-09-29,"Fri, 25 Sep 2026 22:51:00 GMT",City leaders break down revised data center moratorium ahead of final vote - Action News 5,https://news.google.com/rss/articles/CBMisAFBVV95cUxObHVERTVNbFUxX1dIbF9zMlk0R3VyLTNCdVF0NEx0WEtmSFFSYXRrWmdqYjNib3VKVWlhcFVYYmpGRkVsSkR0c18tLU45QzlldUhQRllGa0lWUUt1T0xEQ3BoVE4xMEo5WDd3Mno1VHN5NFZZbWg5WmNyM1QxalQ1RXVGWTFDUlhIU1FMUHhjUzE3Q01ERGxVUW1iTXZHS19NRnpDbHdPa2VpOWFYcUJ1Ug?oc=5,Action News 5,data center zoning ordinance vote,vote;moratorium,,,,,,,,,new
cd4652e84030,2026-09-29,"Fri, 18 Sep 2026 08:48:53 GMT",Cumberland Council Bans Data Centers in Zoning Ordinance on 6-1 Vote - Uprise RI,https://news.google.com/rss/articles/CBMinwFBVV95cUxQNGViQ1VXZ2xqN3ZEZnptWWRZZmxYX0JRcmxqSTEyT0QwRTEyeTRYaGFDbHZyN0M0YWhpakdJQmZJX2hLLUtHRFhLNXdkeVNkR092N1ZOMjJQeW03SXZGOG1qcy1iWldxenZ1SjZIT2didDlmaTdNYnE0bmEzUDBBMW51T2swdHNrekVxZGFWWmNRV3lqUmRGRnFTZHZMaWs?oc=5,Uprise RI,data center zoning ordinance vote,vote;ordinance;zoning;ban;council,,,,,,,,,promoted
47748da15015,2026-09-29,"Sat, 26 Sep 2026 14:00:00 GMT",Pima County supervisors approve data center moratorium - CaloNews.com,https://news.google.com/rss/articles/CBMi0wFBVV95cUxNUnBHS3ppQWhhMFFya0lFNGdCNnd4cnFJeFlrb2xkdm1RQjdWME80V0lsMjdPd0MxdjNETDc5RENacmQ1eWZwSl9NVW1FMXBDNEFkMEhDa0FLelFXZ3M3QWZQbGhVOUx5MExvYlk0UUc0bjAwZEd0dGxDMzkyRnBZZm1lY0tFVFZxS0tfYWlfMXNURzNJYUx5cW83ejQ1V0FucmZGYU5ER1F6V1pWM2U5Y2xfQWxmemVfV1pTWkd5Y2xWa2xTNkZsSktKWWYxRnFjWi0w?oc=5,CaloNews.com,data center zoning ordinance vote,approve;moratorium;supervisors,,,,,,,,,new
8b3e14999613,2026-09-29,"Fri, 25 Sep 2026 22:17:00 GMT",‘Needs to be protected’: Shaker Village CEO urges public to speak out ahead of data center ordinance vote - WKYT,https://news.google.com/rss/articles/CBMixAFBVV95cUxOelQ2SVVELThpZkVzVDhEUmRHYXF0LVNYbktxTkwwNnFrd2pmV05hVEdpOXl0RVRILUNUZHlDREN3NzRpeVd6VVQzaW1mN1BYNXVyZzloSTNIY2NOV0FrNFo0dzVrNUkybl9fdGpJU0lSUkVRLWlUcjBocjhCaTVKRktaNVRPVnBZR0ZWYTRFTjJmSmkyWVJlZXVQbjgzS0FaOGI1RTBfMWtHa3hQT3V5ZnJrVzJPWWFaenY3SWdiMmJkU0lH0gHYAUFVX3lxTE1WM3p2UnpSUUIxVDlNcGgyNG15dzFhbVAtc0hfV2M1MWVUN3pGek8wbXZrYkctODkya2NpZEJEVG50SlZ6YVlaQXg0ZkZsVlQ5NHNUZnZyeXYxZXpiMjRJREptUVplOW9vbUhaRE5ER1hlbmFadk9pY2Zxbkd0LXEzd1FzSVhtbjFlNFhMTGU4UFVPcWZoWDNxc1FkVmlRY3RCZzVMYXBaNUR0b1Z5YnRrNXVLTEFydFU0MlJLR0VVM3hZRHpWU01RbW9sQVFXQktlLXFfamRubQ?oc=5,WKYT,data center zoning ordinance vote,vote;ordinance,,,,,,,,,new
fa458de758fc,2026-09-29,"Wed, 23 Sep 2026 03:55:00 GMT",Reading planners expected to vote next month on data center zoning amendment - wfmz.com,https://news.google.com/rss/articles/CBMivwJBVV95cUxNenppb2s0U25zTXhqZGhtS0FDbGh5Ni15WjVPTlhrOXNZV3U3eWJ6SmRDc1o1RmgzMWhwNEx0aUNfTXoySVdPcWVzclMyYU54c0hQa3E1VjhZRDRURkhTb1VIOXpLbVI5a0hCWUN5aUV0N2VYMFI4Y3QzcVpMaHVDQU9aQzFzbzhEM1hxUTdMUWxncGJsZERjakI3SlBPTElieXNIQURvcWd4aTFBbmJCU3pqZmxuZjl2OUxZNFNKNzBqTlM0SU5EMnNmV3VNMFV2MC1zTnJyRlllMGdHOUc3R0dsaDZnbUhET094bkRHRGlFRHhpX25RbERjdnM3dGZfbmJOWUdBTGJZdUZ2a1lueGlXVXBkREtoUnhYeWZCSjVoWXY4cUIzbjNpSkdDakRDVThGRC1VUURmZDhoRmxz?oc=5,wfmz.com,data center zoning ordinance vote,vote;zoning,,,,,,,,,new
ac65848829ac,2026-09-29,"Thu, 17 Sep 2026 21:18:04 GMT",Cumberland Council Bans Data Centers in 6-1 Zoning Vote - Uprise RI,https://news.google.com/rss/articles/CBMiyAFBVV95cUxPUXl0QWhmRWlWMzVtVUF2dzZUdUxIbjY1YnBHc0VTdWNtSEoxUklrS3NRNzJ3ZmNCSkd4bm1hd1lIZktPVmlZQzRxanBFaS1JdDAyam1Zc0U0NjBYRXM1Z3FNUTBxNUpCeElBeUJVUi1ZMHNtQ0YxQzNKODhndzRKYXVBWFItb09VdDdPZExyZnZGMlF5d1RBZjNJTTJfdElwR0JoZENDSDhCUjNsOUVZb1Nxd0ZyWW9lR0FJSkxkOVN0VVlFajA5YQ?oc=5,Uprise RI,data center zoning ordinance vote,vote;zoning;ban;council,,,,,,,,,new
e8929fff531c,2026-09-29,"Wed, 23 Sep 2026 04:06:06 GMT","St. Joseph County Council approves ""data center balance"" ordinance - WSBT",https://news.google.com/rss/articles/CBMijgNBVV95cUxNOEFoUVBpaDZOUHhud2Vzd0d0NmRwMThVVndiRFpDekE1Vk1ZeUFrQWpyNmsxOGFtdmRDMDlCcUZ2cmlBMXR2Ym8yVHM2M1BvNGFOVEx5TzFoYlRPOHJlNGN4MzM4VWlsVkp3WmFhRmxlRUJqaVZFV0piSV9JUTVRaXd3NXJYMXA1LTQ2bk8ycVRpd3lWWHJRRUpHLUJZa2RhajVTMDcwTWxuS09VaTExNE4tcTNLbE9GVmJQdUVWVUROaU1aclVMVjVtanVoZk93dkVnci1OdElpNlB5NGprSnJrVHdoT1dFQ2w2UDlPVXpZZ3VXUGNBX3FidXFLVWIyaFU1SFZoQVJmWFBOZm53MVdlRTdiZkEwdHhKQnpXVmVTMzN2T3FMeHJwNGlnRVp5SHNyODNPU2xMWlRmT2lXVVJabExna1AtcXZXR3NKcXBFTHVBNHZ2YWVPcHBiVXQ1ZHFsWHhHak1CQzdwOC1xTlFJX2NsVjJZbWVjcFBRMm5SZkFtNFcyWGdOcmZmUQ?oc=5,WSBT,data center zoning ordinance vote,approve;ordinance;council,,,,,,,,,new
f97ab3991ab0,2026-09-29,"Fri, 18 Sep 2026 23:20:05 GMT",Augusta commission approves data center zoning ordinance | Photos - Hilton Head Island Packet,https://news.google.com/rss/articles/CBMiZkFVX3lxTFBMQnBTZGdERGtORDU2bGVJWTFnano4V1ZkT0lxblQ2Nlc4OXdFWi14dmRfcHpGUjZDTnRmUXEwLVJ2OURTa0JIalgtQmNCaTkwMDBwdGE4WGh4elhrdWZDR1gxNkotZw?oc=5,Hilton Head Island Packet,data center zoning ordinance vote,approve;ordinance;zoning;commission,,,,,,,,,new
c4633aae9985,2026-09-29,"Wed, 23 Sep 2026 12:23:34 GMT","Noise limits, distance requirements, and more: Coffee County to vote on data center limits next month - News Channel 5 Nashville",https://news.google.com/rss/articles/CBMizAFBVV95cUxPc3d2dUNOaG80TXE2RG4zdjQwUzMxVkEwZmdaMkFlRzV4NTJsOTEyc3QtZ2J1NmgxTEJqWmN6QlN1NlNiUTFZWjF6ckxFMWRBamJfMGpwVUFhZnV0aDlEUktkbnlGQUxUNWdHWS1tTTBDajFHVXVSalh0bzdwTE5FNXFDcXpXOXhKRlVnSm9EamQ1d29GbTZaUFZkcXdGY0JVRmdaNkZxeTlObGluUUxmdjdjb0liODRGaGZmZ2dTdlRXcTBaQ290SVNlSVo?oc=5,News Channel 5 Nashville,data center zoning ordinance vote,vote,,,,,,,,,new
5b1f116bdc5c,2026-09-29,"Fri, 18 Sep 2026 22:58:00 GMT",Augusta commission approves data center zoning ordinance - The Augusta Chronicle,https://news.google.com/rss/articles/CBMiygFBVV95cUxQUUFDS016ZU5LbkFNWUhzTVVmMlZLTVhmM2RXNGFnejFVdjZiXzFISUdidUc0LUp1M01RZm16X1hjdmJiWmtpcWcwTWdsZkR2c0Nla25mcl8xLU1RMnhxanpqMjZpS1lUeHNpNkpkd1g3MU1CZzZKRmlPbGpJSU1JRjhGR292ZzRnVHZzMWpkRC1zcGYySGlIOW1JSktoUXdsVnhUTzB0R1FRd2xrTkkyenJ6cVRFd3QyQXNNQVZpejN3RmZQU0k0cmJB?oc=5,The Augusta Chronicle,data center zoning ordinance vote,approve;ordinance;zoning;commission,,,,,,,,,promoted
2a0339c79dc9,2026-09-29,"Sat, 19 Sep 2026 01:07:31 GMT",Wisconsin Rapids data center denied but not finished - WAOW,https://news.google.com/rss/articles/CBMixwFBVV95cUxPVVV3cF9JSDlfRG1LbG5nM01aU19MVkhlc2RVcDhjTGd3RXpKOHByb3YwcVUtejEweVVqVGVia2paM3Z2cVhESGlYX2lsR0ktRnM2SmRCZjVrN2Q2RTlfUWRWY2ktdm55LTA4NmNKR3VSSElkaldzRVRrcFpKMUV6YUgtT2RXeVBlSUNBSzVPcU9tSGVqMzlSTVMzODZiV0lyVUx2MjM4VGhtSWxFZmdnMDROT3EtdVFPSElRTFRhWjVJRy1xazRV?oc=5,WAOW,data center special use permit denied,denied,,,,,,,,,promoted
4d74a433cbfd,2026-09-29,"Thu, 24 Sep 2026 23:44:09 GMT",Pocatello City Council votes to deny conditional use permit for AI data center applicant for a second time - localnews8.com,https://news.google.com/rss/articles/CBMi3wFBVV95cUxQRTdhSlpSMXZMMEZ1X1NuTnFmZGZXNmQyX0xBZXQ3SllWNHZrYTg4QUJlUHBna2Q4SGZaQWw0eEtDM3c3OURlblN0bVBRN0tCNEI0VlkyS1dNdUJVSnJuWklIR0VJekZ5Z0VjdHJJWEFsaUFMVnVIX3htLWszYmYxZjlxekpFNl81cy1sc21JcVV0YzJVUXBaSk84R2VmVXdQd2NEcEMtMUNESndESmFKQndlZm9LMFlkOGZrVmlHRTlXVFZWeGFGaE9fSWRZTEcwTTgxbkhsb2x5UlUzcFo0?oc=5,localnews8.com,data center special use permit denied,deny;vote;permit;council,,,,,,,,,promoted
f49f6b647453,2026-09-29,"Tue, 29 Sep 2026 04:45:13 GMT",Data Center Zoning Debate Centers On Utilities And Community Concerns - WKDZ,https://news.google.com/rss/articles/CBMi1gFBVV95cUxOWUotQkctdlI3X2E5b0JlbC13QUM3dDlaZjB0ZEY3eXhTQThfaGpfcHA4X1YyUFZaSDcxZ1kyMU9MTWhwVldTUnRRUlYxaTgwQWRnRGdyV3JNd3ZmQVFzSUFLNnpUbXJTY3lsZkdtZjdBY3dxMEEzdEJINE1saExQWmFYWndsSWR2bFB4TmM1dXo5dzFOZ0U3OUx1aHgwcHgxUmRIMkpGLXFXcUZEODFBSmNKdTVZQlNhbGFpZnMxZEU3Tm1tOWlGUlhHa0tEdXpSYmI1elF3?oc=5,WKDZ,data center setback noise ordinance,zoning,,,,,,,,,new
e005976dd684,2026-09-29,"Thu, 17 Sep 2026 17:52:40 GMT",Cumberland County Proposes Tight Restrictions for Data Centers - CityView NC,https://news.google.com/rss/articles/CBMinwFBVV95cUxOUkZ1ZkNaVVJoaU53MklXcHByWGJtQlNQcTlDY2hhWExlb2hTWE81X0lRT2t5azVRcV9aSXdKbV9ZWHp2RExZai1ueFg0STdVb09peUh1ZExDbkhLSlZ6UTFnbU0xVjJHTTlXZ1oyellOaVdCZnpUWGVES2ZvN1JZdEQ1TDBwZ3FYbkR4eVBxVkhDaDdQYk9yN3h5SnV0Zzg?oc=5,CityView NC,data center setback noise ordinance,restrict,,,,,,,,,new
53d5f096b5f0,2026-09-29,"Fri, 18 Sep 2026 07:00:00 GMT",Lombardo curtails Nevada data center tax break program in executive order - The Nevada Independent,https://news.google.com/rss/articles/CBMitAFBVV95cUxPaEc4UFZWTGt6NzJYRmhySUtaMVpELUg1SEJrQXVlanhJRkdrdDVCWnZzUUkzTzF0c2NmVkVzZ2dRZ2ZWRi1DS2xzcHRjUjdFbE8tQXp2U2IzS0diQ213NTl4XzhudmhBdnBlQlphMDBXZGx6TTBpYmhSUUNMYjRubko4ZXc0ZXlQYVg1VXVpZVkySGZIc0ZMSWtkZTA2dGRTQklYeGNKU1JraEZHMTJmM2FuUl8?oc=5,The Nevada Independent,data center tax abatement vote,order,,,,,,,,,promoted
e3af2d647ef0,2026-09-29,"Wed, 16 Sep 2026 07:00:00 GMT",City approves $240 million tax break for data center developer's Decatur Township project - WFYI,https://news.google.com/rss/articles/CBMiyAFBVV95cUxQZ0M4a3l6aWVHVkgyN0NGMnpfdUlwNE5kSTZsTzRPWlpfS21Cd0xlVEM4UzBDN2k5TUI3T1VabzU0ZkRMTFNJcUI0Y1Nyb0pTSlJkSEp5ZWoxTFoxSUY3ZktRRUp6NGpVdVF1Rzh0SHotODNkaW5JQkU3bkZKbVdzMmVhbW1xVFlpWWpnczQwWEJ3eDdETHUxOXl6Mm1SYUl3WTJQaEFrcnpnaHlSdnpRVVY5S1NlcFlkM3hILS1iUG9UZExJd1ZTeg?oc=5,WFYI,data center tax abatement vote,approve,,,,,,,,,new
bf685aecdb46,2026-09-29,"Thu, 24 Sep 2026 15:40:30 GMT",Ferguson approves $1.8 billion data center project - St. Louis American,https://news.google.com/rss/articles/CBMiiwFBVV95cUxNWUFuNGdoYWFXZ2pxWmR0LXAyVi1mRTNvbXZxRGllSXBPOEk5Y255X3pNdWJlOEw0WHRNQm8xN1NGejlvWWgzZC0xRzh4Uy13Z29SMk5MOS1ubUNGbzlKOXdwR01UdnNURnNhc3lLVUw4MFJXSHZYZGVMNUZNVWx1V2dOZ1piQkZtQTNB?oc=5,St. Louis American,data center tax abatement vote,approve;bill,,,,,,,,,promoted
6d61341b9089,2026-09-29,"Sun, 20 Sep 2026 22:01:08 GMT",Election 2026: Perry Village to vote on rules for data centers developers - News-Herald,https://news.google.com/rss/articles/CBMisgFBVV95cUxOWjdNNE1Gcm5ISkd0WVFXSkhFdWdqQWh0SS1iUWxib2lTZUtqVkg3U3BNc0V4SXNWZXI1VWdOLTdkdVFIZmNuajhsZ0JwU2dJX3NtQmtQZE5ZNHZoTWZyMEhoR2pRVU94SDYwV09KNWw0cGxzLWIxdXVRZlFmWnBVX3pORkk1Qm9uTWpOdndETTV5YnF3ZXZlQ3RhMHBGbFJvd1FWU0pOeFJ2cUhET2hrQ2lR?oc=5,News-Herald,data center tax abatement vote,vote,,,,,,,,,new
5a368cf35087,2026-09-29,"Tue, 22 Sep 2026 22:45:00 GMT","Ferguson data center project at Emerson campus, with massive tax breaks, set for final vote - KMOV",https://news.google.com/rss/articles/CBMivwFBVV95cUxNWERXNGJNVHFjUFV3ekFUWHJ0WFp5UEhBbjd3WW9uaDFCMTJxOEYydFEwYmFsdHRHbDlrc21PUlQ3WFhWTUNMdkVtaFhrMG0wUDRDY0ZLbWgzVDc4LU1oM2RBTDNEWDlUTENnb29MUUF5ZVZCUE9nLUdvVzJnQ0JKYnVCc1pzUzBBQzFZTE1OeG5YVkRqUHNSNnlJVko1VlQxaUh4cGhYU2lDNFo1SGl2NlVjSEZ6VVUzR2dXWjNhVdIB0wFBVV95cUxQZlJ2Q0EwVmVKZFBLR0RHZGZoZ1JMSnQ5cVdVT1pmLVZsMm1ObkhMb21ES3NwZmtacXdEZlAyYWZsV1FDU2gyMURTTVhKQWpQUVdNNVg3S3pWZjhXcVdjWjY0TzA1NTlDVm80bEN0d3Jrcl8yWEM0M0c0UW1pN3JqencybEw4aXQxRU9vRThlNFBRcXlTOWg5V3dKaUEtQzN5SGUtVE93dzNRSkxrWEluREE5MUdEYk0wVXV0QkZlR0ZHOTVhaHZ4TmxFTHAwaXR6U2Yw?oc=5,KMOV,data center tax abatement vote,vote,,,,,,,,,new
4194fa5ab58b,2026-09-29,"Wed, 16 Sep 2026 20:28:58 GMT",Commission approves $240M in tax breaks for Indianapolis data center - Inside INdiana Business,https://news.google.com/rss/articles/CBMitAFBVV95cUxPOGFKVU92bHNZOGs2bDE1LTVTb2hibGdPVGNqN25rbmZWMXYtUGYyM1NwV0FFMFNpNnFGMVFsNTkxY3hKeF83RU9XUFJnUHFxMmx2Sm56RGFEZGJtb3VXVU9PdjQtdlFsNFF5MmJZOTdXYzNiSWJGME84Yzh4UmNJUHVLWkxXQUN1dHBmOTNFaXFIM0dUbkkyanR5UWJTSlB4bTVSV3BhYVlCd2UxX3h6bDdUQks?oc=5,Inside INdiana Business,data center tax abatement vote,approve;commission,,,,,,,,,promoted
52ae6298f7ef,2026-09-29,"Mon, 28 Sep 2026 12:00:38 GMT",Xcel Energy submits proposal to place large load tariffs on data centers in Colorado - dailyenergyinsider.com,https://news.google.com/rss/articles/CBMixgFBVV95cUxPbUxXaWNEM1p2VGJ2dnR4SVFvMk5oNXNqOVBMakpuUWljcjVSdy1fNDNVcmxfMUtrMlRMV1l5QmhHTEt1Vm13LTk1c1NZZ0ZlMDR4YmJ0WUNLSVdqdTVySkVDeG44bV9fYXdWSTQ3U19qNk5oeElwOXJQVDhjTjNObXFiNm9rMTdqdkZNOHpXUUJEVWpqZDROaUFpaXdlX0xlemRJcGdUMEtTdzZ0ZjZaTmktU2ViR1JTMUoyRkFjRmVqY2piX2c?oc=5,dailyenergyinsider.com,data center large load tariff commission,tariff,,,,,,,,,promoted
1639e84c0eeb,2026-09-29,"Fri, 18 Sep 2026 07:00:00 GMT","Xcel's large-load tariff proposal, focused on rate hikes related to data center energy usage, open for comment - 9News",https://news.google.com/rss/articles/CBMiyAFBVV95cUxQWlA5RzVzZUMtWnl6OHJYd2Q4Z3o4SjRqdE5FaDBMQWFRRjJTeDR4WUxXbjl5dlZTaGQ4RTFkYWcwU1VSbkR2ODlqTGUwOEViZGQ3ZGVmZGt6S3QyTS16MFJfMFhfd1ZoSFMtUHNlZklZa0dQbFJ4dHVXN2RIa01SNnhBVDdIYzlfZG9WTlJIaGN2Z3pDRHpocXI1c3ItRVp2dWNjSzJuR0R3cnFjMjFQMVdCRnNHNmJrdG8zXy12UnJxWWJBSXNqYw?oc=5,9News,data center large load tariff commission,tariff,,,,,,,,,new
c431a62985ed,2026-09-29,"Fri, 25 Sep 2026 12:00:00 GMT",PUCT sets financial commitments for data center interconnection as governor pauses permit approvals - White & Case LLP,https://news.google.com/rss/articles/CBMivwFBVV95cUxPeWtuemlJVHJpdUVBZEp3YWhHS2RMVVd5Uy1rYXBkTmZQQ0hFeC1BcXhvYXdLR2oxTkZJSGlNUDEwcno4Z29PYy13SmVpRmpNOVVISS1raDRWc1VlTUFNTzZRMmNveUVOS1RreWNFeUcwa3JoSXhQYTlvSTFXUXpUcEF6MEp3TTdFbXcyY3dCekZEdWNpU3FIdW01TTM5Ql94ZG5uT1RpM0NBODRsV2pLM2hwSlVvNEw0MUlreW43Zw?oc=5,White & Case LLP,data center interconnection queue ruling,permit,,,,,,,,,promoted
48db8c101801,2026-09-29,"Tue, 22 Sep 2026 14:33:59 GMT",The 300-Bill Misfire: How the 2026 Data Center Backlash Aimed at the Wrong Target - avanzaenergy.substack.com,https://news.google.com/rss/articles/CBMieEFVX3lxTE1mR3BETlluRkx0SnNOX19CTF9Rb1pfdG9Xc0xaUng3ZEt5SmlSY3NhNVJkT0daQ0NrM2ZTdndQVkcydjV1T28xc2FMWE1Qb3A4aXJpVmludkw3bUN4STFFdGx1VHV2azhKbGtDQ3NnOGJNeUtXREFqVw?oc=5,avanzaenergy.substack.com,public utility commission data center rate case,bill,,,,,,,,,new
f23ab67adbdc,2026-09-29,"Thu, 17 Sep 2026 07:00:00 GMT","Pennsylvania utility panel opens review of how data centers, utility profits raise bills - The Cool Down",https://news.google.com/rss/articles/CBMilAFBVV95cUxNVTVIRTlXelk1RVZwZ3RvZDFrcTRpWWs1cFFaRVk0dHRpcFROWk9laFRaNkhXaUFzb25ObVdqTksxTTRVVXRVVFpsNjJkd3o3Y2RUWWY4U2xoc01CS1VDZURGOTZDN0VwMkZOYXdJcFRRcThqZnJzMmViWVN3ZFlYUm83ckhNdEpvYU4zbWQ1Zl9va3R5?oc=5,The Cool Down,public utility commission data center rate case,bill,,,,,,,,,promoted
7e5c8c14944c,2026-09-29,"Wed, 23 Sep 2026 23:54:00 GMT",Local data center officials not worried about Abbott’s permit pause - The Waco Bridge,https://news.google.com/rss/articles/CBMihgFBVV95cUxPRmlreGVXak03eEk1elc2LW5fLVFTZEJ2NWFWRi1pSGZqNmQ0Q094MFNya1loWnZIYmNuNmYtNTlLRE5acGxMMHpQMU1velFIMHdDVE03RjJkcndsR2FZYTlkR2lfRF9sVDI2R2lPT3c4RXBQaTI5RHBBQzJLRTJxS0h6NzlDZw?oc=5,The Waco Bridge,data center water usage permit,permit,,,,,,,,,new
b99d30df5469,2026-09-29,"Thu, 24 Sep 2026 19:46:35 GMT",TCEQ’s data center permit freeze may reach beyond ERCOT review - TechTarget,https://news.google.com/rss/articles/CBMivgFBVV95cUxObS01RE5fRnY3b3NCMHl3UXpGWXEtWFQ1TkZrOEo1VEJHbHQ4ZmEwWWo2ZmRERDhvVlVfamdseGJGTE04MU11NFlRMWpXR25yMUpZOFlMckc3RDA2ZmtKbnRFa19zSTJmQmxfTmZEeTFpdWphSjJneDlCUnFVNzlqVzlFUEdMM3Z5aGkwRGo3dTUwNVdMTFN0ak8tQ3owcWlXY3pfYkxRYmZvQXRMbm54S1R4QlVkS1NOSWFjOElR?oc=5,TechTarget,data center water usage permit,permit,,,,,,,,,new
9d47abbc5276,2026-09-29,"Mon, 21 Sep 2026 07:00:00 GMT",Gov. Greg Abbott broadens moratorium on data center approvals to include environmental permits - The Texas Tribune,https://news.google.com/rss/articles/CBMiigFBVV95cUxPSEx1ckpTZnF2SmRVby1uWFkwSUVCd2JDZTZaZzNoZHRNWU9oTzNXUG9kdzRjOFBZcXd4S3lWeTNjNmJyc0R2aU9xRE9IZk01UUxUWXFBRzlUWEFHd3I3bXRpWVFyNXJxYWtjbDRpSElHY2sxUHVxWl9pUUxET25WdzhfMWZDV3NKd0E?oc=5,The Texas Tribune,data center water usage permit,moratorium;permit,,,,,,,,,new
2b00c9f019cc,2026-09-29,"Wed, 23 Sep 2026 18:25:32 GMT",Texas Halts Electric Permits for Data Centers One Week After Water-Use Directive - ConstructConnect News,https://news.google.com/rss/articles/CBMitAFBVV95cUxPQ1M2bVp4UmdxNEJnSGxPQWtYcWkweVpQa1FkS2xVd2VvMl9tR2hzSFNFQWhqQ2pQTGY2UjFmejloT2RTc0czVXlFNEFYSjJwVWxZdFFMN21tRGhYa0ppM2pnYzZ2YzUxdXdVOHllNUpFRUplcXhjQVp4RDN6ZU1SZkhCMTZDOWFmRHRZdGNoeVNDVjdhdmloWVhWT1p5NlFaY3JxeEVteEFUWWJqM3lmN084S2PSAcQBQVVfeXFMTVZEN2FGRkZfamlFX1BwQUItOGoyN1pSRHNrYkRrZGR2cEo1WXM1a1JzNWJRQWx3Y18zQXFtY3hicXJWTXl0Wk9VSG9oTEQxNXFQZnlsSEx6Snc2Tmg2Y1RQeU9rMl93ZzdweEl5NHd4VG9ZTFFlM2VtMDQtamhVSzZLR1NMUnZpV0JXWDhBVkZlU2w3ckRqb0VwQWxJSThOLUZMR0J2YnNIdGdpWmhDTDdfUUdfTTF3aWsxTEgxUlJmejQyTQ?oc=5,ConstructConnect News,data center water usage permit,permit,,,,,,,,,new
227da5bfce24,2026-09-29,"Tue, 22 Sep 2026 19:35:00 GMT","Gov. Abbott explains Texas halt on new data center permits as state reviews water, power use - cbs19.tv",https://news.google.com/rss/articles/CBMi-wFBVV95cUxNY0RETTh0Q0k5ZGZ4RmFudHk5TU1XeUZzN0ZucXlZb1V3QjZHbHhOcjR1bjdJR25hS19wczE2N2U3Ym1ON1FiTU9vdFNYM0ZnbnB2Tnl6TlBNUFV4TVRFcXpPSWhoaDdLM0lVZGVIS3RfMjhRZnVDYTIxM3V0WDBpdTBxTEdwbENHc0lBemJyUlBXRWNwVmZUMEJhc1Z1RzVQUDNvSE00ZXdIRF84Z3NNdUM4ZWtCRlJvOU96X19JTnhBYTRyakJONjdXWmFjMW5PMTBtdFlLNmxJb1R2SnNNY0VkanhXOUZLMEJEZ3ROSTdRVVRYUGlrUmJvMA?oc=5,cbs19.tv,data center water usage permit,permit,,,,,,,,,new
55651ce0cfd5,2026-09-29,"Tue, 22 Sep 2026 19:02:36 GMT","Texas Halts Data Center Permits, Expanding Environmental Scrutiny - The New York Times",https://news.google.com/rss/articles/CBMihgFBVV95cUxQMl92c1FsSWFIelptNGhYVHpfbmF6a2VnQzFDSEk2WXJLaXY3YVZiYk5ybDNZNXBuOEZGeEZtOUJFbWsxVHVneks5eHhhanhTcDg1a3hxbmptUm1CUUltdG1scUEwN0d1N3hKS292MDl2VnJ2OTdVLW1leTFSYU13LVV4VW5yQQ?oc=5,The New York Times,data center water usage permit,permit,,,,,,,,,new
3933d535a52c,2026-09-29,"Sun, 27 Sep 2026 07:00:00 GMT","Woodbury Approves Data Center Moratorium After Questions About Water, Power - woodburynewsnet.org",https://news.google.com/rss/articles/CBMiuAFBVV95cUxQZTJkTWxmS0hiNThtQTJfYWNZOS1XeC1SMW1Vb0NGWi1tSDJGcXI2VjJucnFrVWREcTZueEw1YkMwLTkxdHhRSllXN2FFYTVwNFd3NzZsTHRnT3lCcldJNGZZSUs0MUk0aE80Z1hBRGtsSXpMRGlNZ1dZOEcyTTlYMzBuZ1ZZSVUwbGUwZUkxbUFNd2J4N2hZR2kxekFfRnZOLV9rU21sSkEzMVRlSjV6bDhrNWowbXBv?oc=5,woodburynewsnet.org,data center water usage permit,approve;moratorium,,,,,,,,,new
6bf6975859e5,2026-09-29,"Tue, 22 Sep 2026 20:13:30 GMT",Texas Governor Abbott Directs TCEQ to Freeze All Data Center Permits in a Whole-of-Government Action - Foley & Lardner LLP,https://news.google.com/rss/articles/CBMi6AFBVV95cUxQeXZkck11bTV0VkJGcFA0UWpjSHM0MlQyTm13V0Rtb2tScE9sMUd6UmVVNko0X09sQll2QzA4bThIYUt0dWUteTJJZWhfTVhnM1pGNXpPSElsYWVFTWRFeXpXTjlrWldwMEhncE56LXR2MURXcEhmNDJXVldKd00zb1dpY0k1Q1haWDJMczFEcGJ2QVI3U1NkVTVtdWVUMFVKUE1FMzY4aml4bnVOb2ZXdm9XcVQ2OUVyZ0V0ODZiMEdtMmJUZUo3NGdPaDVOUlZpdmNNcVZSaTNweGZ4c2ZPU3QwREE3T3VC?oc=5,Foley & Lardner LLP,data center water usage permit,permit,,,,,,,,,new
39db4460d69b,2026-09-29,"Tue, 22 Sep 2026 12:00:00 GMT",Gov. Abbott orders TCEQ to pause environmental permits for data centers until audit is complete - KERA News,https://news.google.com/rss/articles/CBMi2AFBVV95cUxNUG1oNGZkZWh2WGJhWXI2RGI2TGtIQXlqNXdSUER0UExzZXVoaHRjZnpMdk5lMElzSXlwQklCLVRoVmdsRE9XT1VjcDR3S080R3RyendMd3ZuSTRnaFhPNHBaN3JjUW8xZm1NSDNHRVlNNjJIb3Zjcm5ZT0dJOTA0NGRwMUlqV2tQd2ROT0hhX2NCcFl3Rm5maXdDN2Z4dlBhanRDWWlySDBWU2c1T1lCdnR4enlMMkRzMURMWlpqc2lyTUl5U2JqcHRYdUtYU3ViakRKNmZpVmM?oc=5,KERA News,data center water usage permit,permit;order,,,,,,,,,new
e8447b9a4c67,2026-09-29,"Fri, 25 Sep 2026 13:08:19 GMT",Texas Data Center Permit Pause Puts AI Growth Behind Grid and Water Audits - remio.ai,https://news.google.com/rss/articles/CBMiogFBVV95cUxQT2NkQzlZaWhQaUp6dU4wclRVQnVySTJaVTZnbGN6Tm5pY09iQXJMVXRtNVRUUUthNnlXVk9JU2xudnFaeFpjbjhjamo5QkkzVVFrMm1nS0pLMVY0OFFCdTAyZWV1QVJlNnBzd2JRaW95MWxIaHlxUG1BQXd5TnQ2RWNsLXhpTzJjWC0wb2pWQWtNMkdlbHgxZGFTVDNKWW1MSGc?oc=5,remio.ai,data center water usage permit,permit,,,,,,,,,new
672d067139db,2026-09-29,"Tue, 22 Sep 2026 23:15:00 GMT","Gov. Abbott orders pause on Texas data center permits pending power, water audits - kens5.com",https://news.google.com/rss/articles/CBMi1wFBVV95cUxQNmk3d083dTh6dlpQNFFuVGhFTTd5d0MwVVFKT2Q1RE9qR2N4ZXBRaURTbUdtWi04Z2ZXMVhwRHpwelY3dWlZak5pR0dMY2dJYlhjMXBIajZkM3ljRlJadVBlck1HU0w2eHJGelRnUGZSRHJPRU5GWG9STGtBVVNtS095TS1KclQ3OGNGbnhMVmdhR3JtbjhvTVhDR3dtTkN5Q1U2aHdNUHcwWHVzUndydkxaQUFGdGJORzFLZXhUN1NfVTNWQTkxS1FyMjN5RkJCN1ZJdTBQNA?oc=5,kens5.com,data center water usage permit,permit;order,,,,,,,,,new
4e5f8880abe4,2026-09-29,"Wed, 23 Sep 2026 15:09:56 GMT",Governor Abbott Orders TCEQ to Pause All Permit Issuance for Data Center Projects - The National Law Review,https://news.google.com/rss/articles/CBMiqwFBVV95cUxQa2N1dkNlTG1KTm9zYkU4OWxLbGM1Wlhvb2RMNW1Od0N0SnRNVEg2U09wWjFIWmxTQldzU19MZUZwUjRaSVRraDR0RWpaa2JsQ2xONkE0aV92Y2ZxUzlYdlRUVHd6WGNXb0tmaE9TTi1IUDFyQndMN1RtVTRTTjVQcWs5RUlDODAxYTBaSmFsUmx3VUxFTEczYUEzZFF1TmV1bzRoRHFManBoY2fSAbABQVVfeXFMTTh3YWZ3c3FtSzZNRVp4aFNaSlZhTnRHMUloOXFMRTNrS1lFamJpYVNhVzJ6Y3duUVh5MFV5MU1POHJRQWNrdGxHQjB5S0tobnRNc1FpbFo1cE1sd1pRV2Y2Qktsaldqc1B3UUVQNnNaM0w0TmxCT3FqdHBPZFowSHRmNU1CeE5UVF8yUXpzcU8tSC0xbHhmalBmTGpMOEFCM1dHSWRWWjZJVU4xcG54Wlg?oc=5,The National Law Review,data center water usage permit,permit;order,,,,,,,,,new
12c4dcb1bbe5,2026-09-29,"Tue, 22 Sep 2026 08:01:50 GMT","Texas Halts AI Data Center Permits, California Mandates Disclosures - chosun.com",https://news.google.com/rss/articles/CBMiiAFBVV95cUxOTEhNcTAtU2ZjY293b3U1Z0t6Yk82RFVvOHp0NmNQQVQ1RXRUbklVWnJ1blVSb2tRXzgzaC1pVkU3NDlhakJPTE1JZVJoS3o5NVNndWJLWGFCWEJNS1JteEJFOWVfbkpUcU5maVZOM1ZlUkJJNUNvOHhza0JnS3BaMWxWV2hNd3g2?oc=5,chosun.com,data center water usage permit,permit,,,,,,,,,new
b74ae06e0f34,2026-09-29,"Mon, 21 Sep 2026 22:21:47 GMT",Abbott Orders Halt on Data Center Permits During State Audit - Texas Scorecard,https://news.google.com/rss/articles/CBMimgFBVV95cUxOc0hoNU03dTVMN0tnWDJFTGE3eWQ4a014N2YwT00tLTNfRHBteTRzR0hLYTJZaFYyUmp2Q201eUlUVTlvVGNzajFaS3ByNVBrMUpQU2wyNEFwZE9JMVI3M0lNcm0zNzJVbFdHYVc0VjFOdGxTNm5MUVZMcXRNYmgxN0dCcWpJQVRnWEV4WGE1QXVBQVlNOHZSdGJR?oc=5,Texas Scorecard,data center water usage permit,permit;order,,,,,,,,,new
2cdbae07d7c2,2026-09-29,"Tue, 22 Sep 2026 12:26:11 GMT",Texas is halting all data center environmental permits amid grid audit - qz.com,https://news.google.com/rss/articles/CBMihwFBVV95cUxPVmtia2VHRmkyVW1pSFBUc3VhUVJidUt5Nlh4UENUOGhRalFtVzBrMHI3ZE1rc3ZJeTZBQkZHazhvc3BuQ0pHbjYwd2UwUVdJVWtqTU9TWFdhOGE5MXFNX3FGWmpaLTctdlBwaFRNeEdBcjN4ZFIyWVY3ejRXNTJ6bm93TjJ2d1U?oc=5,qz.com,data center water usage permit,permit,,,,,,,,,new
5ea0bc67c5e5,2026-09-29,"Mon, 21 Sep 2026 07:00:00 GMT",Abbott Orders Temporary Halt For All Data Center Permits In Texas - AOL.com,https://news.google.com/rss/articles/CBMigwFBVV95cUxQNi1HMks0Y1ZsZjd6ajM2UE93Q3FWSnNFVnVDZFZRVTdMS0hNTnpaeWZDc21qTFBLLWRTdjdCbUtManFtNEsweGE5OC0za01USjlacEdqcEdRVWxqTTJQZkRvclNEdlJybHVrODlFQ3NDQmd5dWNTbzNpVW5HSmV4OGhtUQ?oc=5,AOL.com,data center water usage permit,permit;order,,,,,,,,,new
8559a346ded5,2026-09-29,"Thu, 17 Sep 2026 07:00:00 GMT",House passes ratepayer protection bill to limit data center cost shifts - Utility Dive,https://news.google.com/rss/articles/CBMilwFBVV95cUxOQlF2bi1uaVRoSFdTaTlZV1lacUJCaGRIVGhiSkl5VXgxQUNpa3ZxdVFmQmI3THEwVzRYY1lBYXpQSmJQcEdSNDQ5ZU5UY2Y0Y2xRVV9NdFlPaXhscS1SYkNxVEZSYkNVZWROSG82dFpZOW5aYzQtS2drOWdLYmtGM3N5OUJBb0dKX3hXLUZ6eTlVbTlHSnBz?oc=5,Utility Dive,data center bill legislature ratepayers,bill,,,,,,,,,new
d37d394c6c05,2026-09-29,"Mon, 28 Sep 2026 10:00:00 GMT","Schumer, Dems at odds as leader aims to kill Ohio Republican’s data center bill - The Hill",https://news.google.com/rss/articles/CBMijAFBVV95cUxNRHMySGtsVnVVcklpemVfREpoX2pya09HaTVKa2p5NGRCOE1pYnE5RlY4bHk2YUR1Q01ZTVk4TTlFNFdkRXlabnNmSnV0WnFCNlNIRllPNXpqMGxsRjV4OUtIYldLUzZ5Yl8xaVpEWEU5dGN4TDdFR1FiOGxHSmQ0bVg2R2JpZTZUczdxNNIBkgFBVV95cUxOcmxPUEZUZkxIUkotY3I1d1UzYXBWeVdJYkZVVUJfenBJMzNXbml5UTNYUTFFd3AwcXplcXhOMkUyYXdHYnFYZFpFWFNFR1J3VURzejVhNmtyZTVTMU9jalNKNkQ0STRlYjdSYW9qamVzVXl1WGk3LUI2ZHljSUVSd3JqMlJEbFRLOWdSYXlhbWkyQQ?oc=5,The Hill,data center bill legislature ratepayers,bill,,,,,,,,,new
d00d12a6f590,2026-09-29,"Thu, 17 Sep 2026 07:00:00 GMT",Ratepayer bill aimed at data center buildout blocked in Senate - Roll Call,https://news.google.com/rss/articles/CBMimwFBVV95cUxPY0RybVYzaC1RdlJNSi04eTFqQi1ORmJJend4TmgxS0hyaTNaZ2hRM3RlS3hVT3NCT210dFZWZWw2YkViMS1GSFN5YjR5cmNFX0JRQXRzQmRsVW53THpzV2Q4RFBuSk9wVDRnR2NxVkVOM3IwQS1qZmxQRUozaHZRSWdUb09HY1NwOWFaaXFyaGY5d1c2SDhieVNXcw?oc=5,Roll Call,data center bill legislature ratepayers,bill,,,,,,,,,new
6f1a007a7a7a,2026-09-29,"Thu, 17 Sep 2026 07:00:00 GMT",Husted bill to protect Americans from footing the bill for new data centers blocked from passage - Senator Jon Husted (.gov),https://news.google.com/rss/articles/CBMi4gFBVV95cUxOb0EtdkdseFh6cEZkck90dlMwbE92SUZ3VFhBYUJ4V0VuMTd6S2p1WDVoWmdoOUFaS3ljVkpDOE4xMDg4TUU4aURkZzV0bFBYLXdWYUpINlg1bG5FalpTTU53VUVFOXZHMXBCQnFyOU9rNW4xMWttaEVZUG5FRllKNi0tT0E4R2VYM3ptRUVRbzRhRktTbWhYY2dtMDRiOFBGRHg5Z25ZU0NJdExoZXQ2b2pUcHJxcGdVYlZGTmNWLU9CeTc2dkdKdnp5eDFCZG95NW52OGRTN2hPQnl1ZzlSbF9B?oc=5,Senator Jon Husted (.gov),data center bill legislature ratepayers,bill,,,,,,,,,new
faa1b20220e8,2026-09-29,"Fri, 18 Sep 2026 07:00:00 GMT",House passes bill to shield consumers from data center price hikes on energy - NBC News,https://news.google.com/rss/articles/CBMiugFBVV95cUxQNm55NWc5clprS0E1SVQzX2xBNjlxd014QlRBN1ViSkY0Q3dNZmZVYVRfQlJFNnNSY2NYQnR0Y3lvb2lzTFk2SnVvbXVyMHp5OGRXeUJWeE92VkNwNHlFQXNia3JWVXMzUFpjYzhHWEJLcFZQQzdocVpVLWhuTlVKUlMtQlpFUlBLUDFOSGx2Y1pNdVBpYzNUOGlOTlR5N2tmV3dtdkFCWWIwQXhwM25naVdobzNTb29yclE?oc=5,NBC News,data center bill legislature ratepayers,bill,,,,,,,,,new
710e0de4cc99,2026-09-29,"Mon, 21 Sep 2026 07:00:00 GMT",California governor signs broad data center oversight bill package - Reuters,https://news.google.com/rss/articles/CBMiuwFBVV95cUxOeHR6X0dTcTdKVUFtOTFHbjVjN1NJVmlfUS0tWVMxeFdlZTZGdWlyVWVPVU9rRWtlVWpnYndQZWFKN1ZpZkN1ZFRUNUg1R1pieFRJZHBwaXd6TnVKOWtIblpEaWd3RGRYNUZ2clByZEZmdTBIRGVMc3czM0M4cnZnSVlGODVpMnJXMWF1QkMwMVRtT3A5bzBxY0twY0ZnaTREa094OHozUS1NZlpsR2dxc2tIeEVxdEk1RWlj?oc=5,Reuters,data center bill legislature ratepayers,bill,,,,,,,,,new
3f932feac8d7,2026-09-29,"Wed, 16 Sep 2026 07:00:00 GMT",Smucker Backs Bill to Protect Ratepayers from Data Center Energy Costs - Congressman Lloyd Smucker (.gov),https://news.google.com/rss/articles/CBMirgFBVV95cUxQaXFKYjQ0WTNpWXdrNGNaWDlYUm1FNnhJbkdJSVctQVdEU2pReV9vZExBclMxZTdpcGVnU3ZrUFhoZGwzNzQ5cFhlaDJOMFl5SF9uVkVNbGI3T1hWNTdCYVJHYkxZdGp6ZkJYVEQ2WDllZjRBcm9vSjU4c3BxazQ5LWVMTlpmaHd2TXBPLUNWLWdNajZCVjNMM0duSG5iVV9PaXdnb1JHUUJ4SUJkeEE?oc=5,Congressman Lloyd Smucker (.gov),data center bill legislature ratepayers,bill,,,,,,,,,new
63979fc6f3cd,2026-09-29,"Thu, 17 Sep 2026 07:00:00 GMT","Senate Democrat blocks House-passed bill to shield Americans from data center energy costs, proposing alternate measure - CBS News",https://news.google.com/rss/articles/CBMiggFBVV95cUxOb3JaWUJDcjhVMXRZSTE2bHFCVHN5N0J6Ym4wVlVDazl3UEFDYmdrUmp6SkN0WTFlWXFHYVphYklmMHpIT3JUUVFMaG9BY0ROSW5pbm1qQjZqWDI5TFZnQlh2dU43WkI0Y1YtalQ1dVAtNEVsbHBrNnRrSGpqRFBFSlh3?oc=5,CBS News,data center bill legislature ratepayers,bill,,,,,,,,,new
8daa2e35188a,2026-09-29,"Wed, 16 Sep 2026 07:00:00 GMT",House overwhelmingly passes bill to shield ratepayers from data centers - Politico,https://news.google.com/rss/articles/CBMilgFBVV95cUxQNWc3S1hxRUF6eU54Y1A1QWJTZjZxbE5YODNFXy1nNWdzNXdIMnJjQm0yVm1Yc1cwZV95MjdqMDFXdC12M1NjQUU5TW5nYXBYbWRCdE9QQ1N3b3UyU0tVM29GR3hUYjVacFlfWUxnWTQ1d3dyM2NiaWVjb2J0eHRiTlAyNV9va0ZjTHZWSGNrOUlfMmE3SWc?oc=5,Politico,data center bill legislature ratepayers,bill,,,,,,,,,new
5f27a71d1688,2026-09-29,"Thu, 17 Sep 2026 07:00:00 GMT",Senate Democrat blocks House-passed bill on data center electricity costs - The Hill,https://news.google.com/rss/articles/CBMimgFBVV95cUxNWm4tcjBPc0VrWjVWR2NESURJVXFkOVVYRmMxekEwUndGSHBzRU0yTEE3aW4xU1pvTnVzTmFEcmVJNmZCTm5STFdpbTBQeGVuLXZmeHVkYUd1VzVSbUFaNnZsQXYzR25mcExrQnB4YXg4dnp2Tk1mbnU3SVV2YXdPVmpZMDZuaW5fOFZRd2ZsblJOcm9rOHRRbktR0gGfAUFVX3lxTE9CN2llLUpVVExOaERLUDJIY0xOSVFSU2NWNFN6MnhDQkFSZU5PaTUzdUJXcXpzdnNyQXNycW9oVDRISG5BNjRTZ3hMUklpZFV2RnhKZU1XOFZyWHFud3JHSHlVMFZ3ZDk0WFBZNTNZMXFjZDhhclZ5Qmt6RUJyUG0wOWxQWndBQ0R4Y0xWVG5fUUl5WEE2Wm1pRndWeTlOYw?oc=5,The Hill,data center bill legislature ratepayers,bill,,,,,,,,,new
205a68cc2481,2026-09-29,"Wed, 16 Sep 2026 07:00:00 GMT",House passes bill to shield Americans from data center energy costs - CBS News,https://news.google.com/rss/articles/CBMic0FVX3lxTE1lV29Vdl93bExPSnR4QV96QWdyS0NMTURIaU0tUjdIWmtlNHQ5bEo3YzZIcWR3U2RuaFUyN21VVWQySFZmV3F3MFhvOUI1cjhZX0dRMjhuWWRSVV9oSTZBZ1lIZlFpQUlPT0JUTm80YVU5VkU?oc=5,CBS News,data center bill legislature ratepayers,bill,,,,,,,,,new
af4411e33644,2026-09-29,"Thu, 17 Sep 2026 07:00:00 GMT",Data centers become Senate flashpoint as Husted’s ratepayer bill stalls amid election battle - Cleveland.com,https://news.google.com/rss/articles/CBMi0AFBVV95cUxQaW5vZHJ6ZXpkQVUyMDlwTTBRUHkzYURjYmxXRTJseFZSazNWV0VJSVVielJNcThvQ2k3bUtKNDdNa3dwVkFjS0NhVUdYTWEtdURvZ1F1dWVGeVpaTkJob1RYbmFReVkzdkdXUTFBdjAxMGNkRWR6dVM0XzREdHVGdlRfQWpZaHc4eHNwclNpWHdvUndZclFyQVYyR0lhRDR0dGtzZER0SEE2a1J6bnozeFpQVzJFaWpseVBuS2RTLUJrVDhwb1Q1SkRQQlBuTUth0gHkAUFVX3lxTFBYSnpnZXJzX2VxbExyNURlRUhNZ3BvTml1UDJuY0s1SG4tR25zd1FCX2RhQWRWNHlWYXFoQ1VfdldNcG9XeXg0NVJGcE9kcWJ0cExwV082QllFaWw2N1N0b0hmZTRnVnRVblZZVUVVNzd6dW13ZXJKeVRQWGI3MTdiel9xUU9LeWQxTFFPNmE2eEttcjBpaEV2OFVLZ0NsQkhPRi16V3JwRU1Rc0VPM1JVb3U4aVlJclBmTWlzS2JxSVhVa3RlRy1HbVJDU0ZWTXU3M1dvbXcxb19NQXNPT0F1Um1RcA?oc=5,Cleveland.com,data center bill legislature ratepayers,bill,,,,,,,,,new
acdd181f4947,2026-09-29,"Wed, 16 Sep 2026 07:00:00 GMT",House passes Gabe Evans’ bill aiming to prevent data centers from driving up electricity costs - Colorado Politics,https://news.google.com/rss/articles/CBMi1wFBVV95cUxPNkk0TFB6Z0tvanNkemx6UXA3NzNLUlM1SWJqUjVINEFwdHNELUwtQXpVNjZCZzc2cDU2T1V6dXZYaHF5cklEU2p2SEs3d2t1RXlQWlVHcC02MUhsZUpfWS1HaXM1X016eEdIVFk3dWpQUnh5M2NmUmhXWTRMZXFKRGszcmszUnlPaXJuckhVd2hsekc1SExnMlZ1Z0JNWnpaTTBoVzY0YW1BRHZsNkNBYTIySGFQNG04V2R2MC1WS1ZSUU9oRmM4Tjg2T213eEdMR3lPMUhpUQ?oc=5,Colorado Politics,data center bill legislature ratepayers,bill,,,,,,,,,new
fd3ea8c4afc9,2026-09-29,"Fri, 18 Sep 2026 07:00:00 GMT",Senate Democrat blocked a data center utility cost bill from passing before the election - qz.com,https://news.google.com/rss/articles/CBMiiAFBVV95cUxNVTNkZFlZSGdLSWRkUkxUa1FzYkZFdm9YbXBESHVIb1V1Sk5TVHJMRkNqWVBRZy11Q3VYTkZCZ1ctSEJmTWdvSUpWZWJqeUFYTzZEQUR1SlVHS2xfdEl6a3VjZTBIMVladDQ3T2FyUmUyRDF3bXYtZ0xid0l0QUFTZXdFcFlsSmlV?oc=5,qz.com,data center bill legislature ratepayers,bill,,,,,,,,,new
f6807c3ae26d,2026-09-29,"Thu, 17 Sep 2026 07:00:00 GMT",Tuberville sponsors bill to shield ratepayers from data center costs - al.com,https://news.google.com/rss/articles/CBMiqAFBVV95cUxOckxteUw2QVVlRGFPZnEteFNXMURKYktIY2NROE1RcUVCTmtMejJQX3hEeUk1UDdiMzkyQlNOYkhBMkJONGVwYUtqNjVORVdVZlRkb05JWlQ4bW8wSF9FenZTMy04UGpwYmpJekhfYXBGc0pSQnJhbkM4R3JXVEN6V3lVUGJhZjVVa05YWUZrMENBM1E1eGZXOVhVZGtVTUsyQXdaV0hJdzbSAbwBQVVfeXFMTXBTLWV2U1d5YkNSQlpDQ1BNOVZhcjhEMnpaWnoxb2hyeUdUcFdBX0pCYkdiM1lFcDhDVXY5c1BTd1ZxcGY4X1RHN0ROc3R0c3VyTThmYkhjTzdBaWlvbXNIUkFWQURsLTV2Mkl2QndadUNiUjJ5dVZqUnFCU0Rxb2hiM19kQ2JsT2pVSGlMcmlmVm5jbUxSbEVTU3huWndhTDBhZlNDaExJMDNVU3MwNi11RWxkR2dVWWc1U0s?oc=5,al.com,data center bill legislature ratepayers,bill,,,,,,,,,new
01ac5f30bee2,2026-09-29,"Wed, 16 Sep 2026 07:00:00 GMT",House Passes Ratepayer Protection Act 417-3 to Shield Power Bills From Data Centers - Startup Fortune,https://news.google.com/rss/articles/CBMisAFBVV95cUxNTTBrVHJGTm1FanN1c1c0dzl6QUxZWXljNlI3RXVsOUNzUjRURzIwN0p4bWl2VjVmOE9TM0h6MlBhZmkyQ1BwYzVONTFZeVltYk9SQlhqdXZyVVVkWjlFNGduMXVDVlFYWGJEcjh5WFFkZzI3VjVBOEJJTHZKRFp3YTdrZWVoMUtaWWhXbmhhRnFUUTlKdXZuMjMxVDZ3YWRIZXE0bXJkX0JuSWNYc29iMA?oc=5,Startup Fortune,data center bill legislature ratepayers,bill,,,,,,,,,new
48ad8183b81f,2026-09-29,"Thu, 17 Sep 2026 22:23:39 GMT",Senate faces hurdle on data center bill after House approval - eciks.org,https://news.google.com/rss/articles/CBMiZEFVX3lxTE9ialFNTTVsYWJUdGl0ZlNzNVZmNXA2SXNqSGsyYW4wY1dHN1ByRm1nZHVpUVNUZWc4Uy16cUl0c1pEb1ZXdW1OUjZTdFZTa3FfWEpPZDFpRWpybWt1cWF0cUo4RGc?oc=5,eciks.org,data center bill legislature ratepayers,bill,,,,,,,,,new
89ebc7b43de2,2026-09-29,"Tue, 15 Sep 2026 20:08:24 GMT",From Incentives to Moratoriums: How Several Key States Are Responding to Data Center Development - JD Supra,https://news.google.com/rss/articles/CBMigwFBVV95cUxQYlh6TnlmWXhQNngxVktUam9DMVZUeEd4MmRRS0dYYXhidWdGNnExUDZXWVZldHVqUkpNWDB6NjJYOUlncEVNN1dONUR3Qmw3YkZMNnZ4ZnZ3Y3A1OHV2RTRseG8yUXlhNi1FeExTNC0yWl9RM1YzWGZfRElRTlVjSDlUbw?oc=5,JD Supra,utility commission approves data center agreement,moratorium,,,,,,,,,new
57973a601d1b,2026-09-29,"Tue, 29 Sep 2026 14:00:00 GMT",East Whiteland Approves New Data Center Ordinance - VISTA.Today,https://news.google.com/rss/articles/CBMic0FVX3lxTE5zMEVVZkx4WXNlYl9lcUxVTW54UzVWWkN5b3BkOVVBM01jVTBkUEpCc241bmtSOV9TUFhURjRxbVhwV0UyTjFKQU9hbFpWS0xBNWZlNTE4azdOb2NVeDNycG1ERkxVRzZja2d5SzNKaVRCYUk?oc=5,VISTA.Today,data center zoning ordinance vote,approve;ordinance,,,,,,,,,new
